id,text,sentiment_original,sentiment_unified,dataset,dialect,sarcasm,source,split,paraphrase,paraphrase_model,paraphrase_temperature,random_seed
SENT_020165,2008 الشرطة التركية اليوم تفرق المظاهرات ضد اردوغان بالقوة بينما يندد هو بفض اعتصامات رابعة,negative,negative,ArSarcasm,msa,True,astd,test,الشرطة التركية في عام 2008 فرّقت بعنف المظاهرات المناهضة لأردوغان، وهو ذاته الذي يندد اليوم بفض اعتصامات رابعة.,gemini-2.5-flash,0.7,42
SENT_006115,خطاب مرسي بداية جيدة نتمنى ان يكون ذلك بداية لتوحيد الصفوف ضد العسكر,POS,positive,ASTD,unknown,unknown,ASTD,full,خطاب مرسي ده بداية كويسة فعلًا، ويا رب يكون المدخل اللي يوحد الصفوف في وش العسكر.,gemini-2.5-flash,0.7,42
SENT_018655,#موسكو ستطلب من #الناتو ردودا بناءة#اسأل_أكثرhttps://t.co/sf4YPWnbKB https://t.co/oKndG3ucgI,neutral,neutral,ArSarcasm,msa,False,semeval,test,موسكو ستطالب الناتو بردود بناءة.,gemini-2.5-flash,0.7,42
SENT_002182,وحكاية إنه يكتب البذاءات دي بقت قديمة خالصده أكثر الأفلام إسفافا أرقى من خطب بعض مشايخكم اللي طلعتوهم على منصة دعم كذب الرئيسإلعبوا غيرها,NEG,negative,ASTD,unknown,unknown,ASTD,full,حكاية كتابته للبذاءات دي أصبحت حجة قديمة ومستهلكة جداً. أسوأ الأفلام وأكثرها انحطاطاً، أشرف من خطب بعض مشايخكم اللي صعدتوهم لمنصة تأييد أكاذيب الرئيس. إلعبوا غيرها.,gemini-2.5-flash,0.7,42
SENT_009322,يامبرراتي ياللي مش مكسوف من نفسكماكانش حد هيفتح بقه لو رئيسك قال من الأول انا مااشتغلتش مع ناسا مباشرة ولاعمري رحتها كنت في جامعتي بس,NEG,negative,ASTD,unknown,unknown,ASTD,full,يا اللي عمال تبرر ومش بتستحي من نفسك، ما كانش حد هيقدر يتكلم لو رئيسك صرّح من البداية إنه ماشتغلش مع ناسا بشكل مباشر، ولا زارها في أي وقت، وإنه كان كل اللي عمله إنه كان في جامعته.,gemini-2.5-flash,0.7,42
SENT_008145,شاهد - آخر كلام: لماذا مليونية الجمعة 8 يوليو # والد أحد شهداء,POS,positive,ASTD,unknown,unknown,ASTD,full,شاهد ضمن 'آخر كلام': لماذا تُنظّم مليونية الجمعة 8 يوليو؟ والد أحد الشهداء يوضح.,gemini-2.5-flash,0.7,42
SENT_015883,#افضل_طقم_لروجر_فيدررأستراليا 2012مجررررررررم  https://t.co/wcUyd5u2kN,negative,negative,ArSarcasm,egypt,False,semeval,train,أفضل طقم لروجر فيدرر في أستراليا 2012، يا له من إجرام! ❤️,gemini-2.5-flash,0.7,42
SENT_003924,"بخصوص التحرش #تحرش #حقيقة #بنات يقولون لو تسترت البقره ماتعرضلها الثور ""̮",OBJ,neutral,ASTD,unknown,unknown,ASTD,full,يتداولون في موضوع التحرش كلام مفاده أن البقرة لو تسترت، الثور ما كان تعرضلها.,gemini-2.5-flash,0.7,42
SENT_018866,اظن ان من افسد شيئا فعليه اصلاحه يجب اعلان الجماعه الاسلاميه والاخوان منظمات ارهابية واصلاح ما افسدو…,negative,negative,ArSarcasm,msa,False,astd,test,أرى بوضوح أن من يتسبب في إفساد أمر ما، فعليه مسؤولية إصلاحه. وعليه، يجب تصنيف الجماعة الإسلامية والإخوان كمنظمات إرهابية، تمهيداً لإصلاح ما ألحقوه من ضرر.,gemini-2.5-flash,0.7,42
SENT_010331,مصر دولة بس مش أوي #المادة_الأولى,negative,negative,ArSarcasm,egypt,True,astd,train,مصر دولة على الورق، لكن في الحقيقة هي مش كده.,gemini-2.5-flash,0.7,42
SENT_018865,#بروباجندا | #الجيش_السوري يعتزم تحرير #حلب قبل تنصيب «#ترامب»رسمياالتفاصيل على الرابط التالي https://t.co/zQndoda30U,neutral,neutral,ArSarcasm,msa,False,semeval,test,ينوي الجيش السوري تحرير حلب قبل التنصيب الرسمي لترامب.,gemini-2.5-flash,0.7,42
SENT_012322,للمرة الأولى ميريام فارس تنشر فيديو لطفلها جايدن وتنهال عليها التعليقات...وشاهد زوجها الوسيم وصور زفافها... https://t.co/A110FgzmeU,positive,positive,ArSarcasm,egypt,False,semeval,train,لأول مرة، ميريام فارس تكشف عن فيديو لطفلها جايدن وتنهال عليها التعليقات بكثافة. وشاهد أيضاً زوجها الوسيم وصور زفافها.,gemini-2.5-flash,0.7,42
SENT_010681,RT @RM_News4: فيديو | تصدي رائع من كارفخال على خط المرمى. يتليه تألق الحارس كاسيا في تدريبات ريال مدريد اليوم . https://t.co/GR3YpQ8g5Y,positive,positive,ArSarcasm,msa,False,semeval,train,في تدريبات ريال مدريد اليوم، برز كارفخال بتصديه المذهل على خط المرمى، وقد تبع ذلك تألق لافت من الحارس كاسيا.,gemini-2.5-flash,0.7,42
SENT_010202,يوم 7/7، يوم هام في مشروع (العلم قوة) وهدفه جذب وتسكين 100 ألف أمي داخل الفصول، في يوم واحد، عن طريق 10 ألاف,positive,positive,ArSarcasm,msa,False,astd,train,"يُشكل السابع من يوليو يومًا بالغ الأهمية لمشروع ""العلم قوة""، والذي يهدف إلى استقطاب وإلحاق 100 ألف شخص أمي بالفصول الدراسية، في يوم واحد فقط، عبر 10 آلاف.",gemini-2.5-flash,0.7,42
SENT_015033,عجييييييب 😻😻😻😻#MannequinChallenge https://t.co/DSSXytSw99,positive,positive,ArSarcasm,msa,False,semeval,train,خرافي!,gemini-2.5-flash,0.7,42
SENT_007150,# تقريبا دي اكتر حاجة قريتها جسدت المذبحة اللي حصلت لاقرب ما يمكن #مذبحة_بورسعيد,NEG,negative,ASTD,unknown,unknown,ASTD,full,على ما أظن، مفيش حاجة قريتها نقلت حقيقة المذبحة اللي حصلت زي النص ده بالظبط.,gemini-2.5-flash,0.7,42
SENT_003266,90 قتيلا من قوات #الأسد بانفجار مبنى غرفة الصناعة في منطقة حلب القديمة ، ما أدى إلى انهياره بالكامل ، وإصابة مبنى شعبة حزب البعث #سوريا,OBJ,neutral,ASTD,unknown,unknown,ASTD,full,لقي 90 عنصراً من قوات الأسد مصرعهم جراء انفجار وقع في مبنى غرفة الصناعة بمنطقة حلب القديمة، ما أدى إلى انهياره التام وإلحاق أضرار بمبنى شعبة حزب البعث.,gemini-2.5-flash,0.7,42
SENT_005504,"مقتل سعيد فضة أكبر مورد بلطجية فى #شبرا_الخيمة وعميل أمن الدولة """,NEG,negative,ASTD,unknown,unknown,ASTD,full,تأكيد مقتل سعيد فضة، المعروف بكونه أكبر مورد للبلطجية في شبرا الخيمة، وعميل جهاز أمن الدولة.,gemini-2.5-flash,0.7,42
SENT_009220,اللہم أجعل قلوبنا رقيقہ من خشيٺگ ، جميلہ بذگرڳ ، نقيہ بحبگ ! #مصطفى_حسني,NEG,negative,ASTD,unknown,unknown,ASTD,full,اللهم اجعل أفئدتنا لينة من خشيتك، عامرة بذكرك، طاهرة بحبك.,gemini-2.5-flash,0.7,42
SENT_016210,@AlameerMeroo94 داعش جانت بنص العراق 😉 والحليم من الإشارة يفهم,neutral,neutral,ArSarcasm,egypt,False,semeval,train,داعش جانت موجودة بقلب العراق، والحليم من الإشارة يفهم.,gemini-2.5-flash,0.7,42
SENT_007505,تهنئة لكل طالب وطالبة قضوا ما يزيد عن 150 يوماً معتصمين وواجهوا كل انواع التنكيل #جامعة_النيل,POS,positive,ASTD,unknown,unknown,ASTD,full,نبارك لكل طالب وطالبة من جامعة النيل الذين خاضوا اعتصاماً تجاوز 150 يوماً، وصمدوا في وجه كل أشكال التنكيل.,gemini-2.5-flash,0.7,42
SENT_006189,دقائق معدودة بأجر غير محسوب سبحان الله وبحمده سبحان الله العظيم,OBJ,neutral,ASTD,unknown,unknown,ASTD,full,ثواب لا يُعد ولا يُحصى في بضع دقائق فقط، سبحان الله وبحمده سبحان الله العظيم.,gemini-2.5-flash,0.7,42
SENT_019987,اللہم أجعل قلوبنا رقيقہ من خشيٺگ ، جميلہ بذگرڳ ، نقيہ بحبگ ! #مصطفى_حسني,positive,positive,ArSarcasm,msa,False,astd,test,يا رب، اجعل قلوبنا لينة بخشيتك، عامرة بذكرك، وصافية بحبك.,gemini-2.5-flash,0.7,42
SENT_011191,دبي تستضيف «برولايت آند ساوند» 31 الجاري——————————-دبي:«الخليج»أعلنت «ميسي فرانكفورت الشرق الأوسط»، عن إطلاق... https://t.co/z0RgVc6iB1,neutral,neutral,ArSarcasm,msa,False,semeval,train,أعلنت «ميسي فرانكفورت الشرق الأوسط» عن استضافة دبي لفعالية «برولايت آند ساوند» بتاريخ 31 الجاري.,gemini-2.5-flash,0.7,42
SENT_003563,قطر #فودافون,OBJ,neutral,ASTD,unknown,unknown,ASTD,full,فودافون في قطر,gemini-2.5-flash,0.7,42
SENT_011617,"RT @vabdola: وائل الفخراني: لماذا تركت ""جوجل"" لأنضم إلى ""كريم""؟ | مقال مُترجمhttps://t.co/AAAW0CYEmv",neutral,neutral,ArSarcasm,msa,False,semeval,train,"وائل الفخراني يتحدث عن سبب تركه لـ ""جوجل"" وانتقاله إلى ""كريم"" | مقال مُترجم",gemini-2.5-flash,0.7,42
SENT_000258,افتكرت تعليق علاء الحامولي ع اللي حصل لعادل الأمور في ماتش المنيا زمااااان بس لسه شغال,OBJ,neutral,ASTD,unknown,unknown,ASTD,full,افتكرت تعليق علاء الحامولي على اللي حصل لعادل الأمور في ماتش المنيا من زمن بعيد أوي، بس لسه كلامه ماشي لحد دلوقتي.,gemini-2.5-flash,0.7,42
SENT_012766,@Celebrities_Mag سوري بس وين نوال الزغبي و نجوى كرم كأفضل فنانين؟؟؟؟هني لازم يكونو قبل الكل؟؟,neutral,neutral,ArSarcasm,levant,False,semeval,train,عفواً، بس وين نوال الزغبي ونجوى كرم من قائمة أفضل الفنانين؟ هني المفروض يكونوا بالصدارة وقبل أي حدا!,gemini-2.5-flash,0.7,42
SENT_002582,من الأمور الهامة لتنمية #الحب بين الزوجين التفاعل مع أزمات شريك #الحياة فلذلك أثر كبير في بناء المودة بين الزوجين وجعلهما أكثر قربًا ومحبة,POS,positive,ASTD,unknown,unknown,ASTD,full,إن التفاعل الإيجابي مع الصعوبات التي يواجهها شريك الحياة أمر أساسي لتعزيز مشاعر #الحب بين الزوجين. فهذا يساهم بشكل كبير في توطيد المودة بينهما وزيادة ترابطهما ومحبتهما لبعضهما البعض.,gemini-2.5-flash,0.7,42
SENT_001078,أحمد الله العلى القدير على ما شاء وقدر، واشكره سبحانه شكراً جزيلاً على تقديره نجاتى,POS,positive,ASTD,unknown,unknown,ASTD,full,أحمده سبحانه على ما قضى وقدر، وأشكره شكراً عظيماً على تفضله بنجاتي.,gemini-2.5-flash,0.7,42
SENT_014925,القهوة ليست مجرد مشروب ... القهوة أسلوب حياة .إبدأ يومك بقهوة دالماير#Coffeelover #coffeebreak #New_year_eve… https://t.co/Kjs4d432Lz,positive,positive,ArSarcasm,msa,False,semeval,train,القهوة ليست مجرد سائل يُشرب، بل هي فلسفة حياة. اجعل قهوة دالماير انطلاقة يومك.,gemini-2.5-flash,0.7,42
SENT_013559,صورة: كاسياس يحتفل بالانتصار في ديربي مدريد https://t.co/JasRYmGOkb #غزة #فلسطين,positive,positive,ArSarcasm,msa,False,semeval,train,تُظهر هذه الصورة كاسياس وهو يحتفل بالانتصار في ديربي مدريد. #غزة #فلسطين,gemini-2.5-flash,0.7,42
SENT_016729,تعريص #برهامي ووساخة حزبه والدعوة السفهية بدأوا من يوم ما دعموا #أبو_الفتوح مش حاجة مستجدة !,negative,negative,ArSarcasm,egypt,False,astd,train,فجور برهامي، وقذارة حزبه، وتوجهات الدعوة السلفية السفهية نفسها، كلها أمور بانت من يوم ما دعموا أبو الفتوح، ومش حاجة جديدة!,gemini-2.5-flash,0.7,42
SENT_014927,شكراً لكم من #القلب 😘😍😘😍😘😍 #شاهدين لي #بالخير لا #علي#حب_النصر_يجمعنا #برشلونة #فلسطين 💛💙🇵🇸💙❤#ريان_الغامدي https://t.co/uel770lK6X,positive,positive,ArSarcasm,msa,False,semeval,train,أشكركم جزيل الشكر من أعماق قلبي، يا من تشاركوني حب نادي النصر ودعم قضية فلسطين. أتمنى أن تكونوا دائمًا شاهدين لي بالخير لا ضدي.,gemini-2.5-flash,0.7,42
SENT_015300,"انشرُوا التذكير بالتكبير و أحيُوا سُنّة هذه العشر "" الله أكبر الله أكبر لا إله إلا الله الله أكبر الله أكبر ولله الحمد ""…",positive,positive,ArSarcasm,msa,False,astd,train,تناقلوا تذكير التكبير، وأعيدوا إحياء سنة هذه الأيام المباركة، وذلك بقول: الله أكبر الله أكبر لا إله إلا الله الله أكبر الله أكبر ولله الحمد.,gemini-2.5-flash,0.7,42
SENT_016852,نصر محروس,neutral,neutral,ArSarcasm,msa,False,astd,train,الشخص نصر محروس,gemini-2.5-flash,0.7,42
SENT_010714,استشهاد جنود مصريين على الحدود بنيران صهيونية جريمة غير مقبولة دماء هؤلاء الشهداء تستدعى موقفا جادا حفاظا على كرامتنا وصيانة لحدودنا,negative,negative,ArSarcasm,msa,False,astd,train,استشهاد جنودنا المصريين على الحدود بنيران صهيونية عمل إجرامي مرفوض تماماً. دماء هؤلاء الشهداء تستلزم منا وقفة جادة لحماية كرامتنا وصون حدودنا.,gemini-2.5-flash,0.7,42
SENT_016637,احنا اسكندرانية ونعجبوك,positive,positive,ArSarcasm,egypt,False,astd,train,إحنا إسكندرانية، يعني ناس تعجبك.,gemini-2.5-flash,0.7,42
SENT_016803,فخورة بكِ يا صديقتي، ومعك دائما، حتى وأنتِ تغردين خارج السرب 💕#معرض_الكويت_الدولي_للكتاب#كتاب https://t.co/PeKs0f45tp,positive,positive,ArSarcasm,gulf,False,semeval,train,فخورة بكِ يا صديقتي، وإلى جانبكِ دوماً، حتى لو كنتِ تسيرين عكس التيار.,gemini-2.5-flash,0.7,42
SENT_009406,أمي ولك في هذا اليوم دعوه ؛ حفظك الله من كل سوء ياجنتي حفظ الله أمي وأمهاتكم وجميع أمهات المسلمين #عيد_الأم …,POS,positive,ASTD,unknown,unknown,ASTD,full,يا أمي، في هذا اليوم، أرفع دعائي لكِ: أن يحفظك الله من كل مكروه، فأنتِ جنتي. اللهم احفظ أمي وأمهاتكم وكل أمهات المسلمين.,gemini-2.5-flash,0.7,42
SENT_003210,"ندوة توقيع رواية ""نادي السيارات "" بأتيليه الأسكندرية السبت 20 أبريل السابعة مساءً >> التفاصيل >> الأدمن",OBJ,neutral,ASTD,unknown,unknown,ASTD,full,"إقامة ندوة لتوقيع رواية ""نادي السيارات"" بأتيليه الإسكندرية، وذلك يوم السبت الموافق 20 أبريل، في تمام الساعة السابعة مساءً. للاستفسار عن التفاصيل، يرجى مراجعة الأدمن.",gemini-2.5-flash,0.7,42
SENT_018140,"القرآن الكريم مُعَّلق في بيوتنا ولكن لم نشعر أننا هجرناه كما شعرنا أن #الواتساب_معلق ! آخر حالة ظهور للمصحف عند البعض""ر…",negative,negative,ArSarcasm,msa,True,astd,test,"القرآن الكريم معلق في بيوتنا، لكننا لم نشعر بمدى هجراننا له كما شعرنا بالضيق عندما أصبح #الواتساب_معلقًا! آخر حالة ظهور للمصحف عند البعض ""ر...""",gemini-2.5-flash,0.7,42
SENT_018330,@Lebanonontime ليس النقض حقا و لكنه الارهاب ! #لافروف اليس سخيفا ملاحقة الارهاب وهو يقيم في #مجلس_الأمن #بدنا_نحاسب #هوا_الحريه #طلعت_ريحتكم,negative,negative,ArSarcasm,msa,False,semeval,test,حق النقض هيدا مش حق أبداً، هيدا إرهاب صريح! مش سخافة إنو نلاحق الإرهاب وهو قاعد بقلب مجلس الأمن؟ خلص، بدنا نحاسب، وريحتكم طلعت على حقيقتها!,gemini-2.5-flash,0.7,42
SENT_014294,الى كل مشجعي المايسترو روجير فيدرر في شتى بقاع الأرض الي ما صوته إلى الآن رجاءً يصوت له على الرابط في التغريدة السابقة و شكراً ❤️,positive,positive,ArSarcasm,msa,False,semeval,train,يا جماهير المايسترو روجير فيدرر في كل مكان، اللي لسه ما صوتوا له، فضلاً صوتوا له من خلال الرابط الموجود في التغريدة اللي فاتت. شكراً لكم ❤️,gemini-2.5-flash,0.7,42
SENT_010187,#أحمد_حلمى يشكر #مهرجان_القاهرة_السينمائى على تكريمه:سأفتخر به طيلة حياتىCBC الراعى الإعلامي الرسمي لمهرجان القاهر… https://t.co/8jI59ED6Tf,positive,positive,ArSarcasm,msa,False,semeval,train,أحمد حلمي يوجه شكره لمهرجان القاهرة السينمائي على تكريمه، مؤكداً أن هذا التكريم سيظل مدعاة فخر له طيلة حياته.,gemini-2.5-flash,0.7,42
SENT_016365,#اعرفوهم #انقلاب_مصر #يسقط_حكم_العسكر #الداخلية_بلطجية #الحرية لنور الدين محمود 15سنة #الدقهلية طالب بالثانوي الأزهري,negative,negative,ArSarcasm,msa,True,astd,train,لازم تعرفوا مين دول! اللي بيحصل في مصر ده انقلاب، ولازم يسقط حكم العسكر. الداخلية بلطجية. بنطالب بالحرية لنور الدين محمود، طالب الثانوي الأزهري اللي عنده ١٥ سنة من الدقهلية.,gemini-2.5-flash,0.7,42
SENT_002095,الجو هنا ناااااااار فى الصعيد ياريت رتويت قبل الانصهار #جمعية_الاقل_من1000_فولورز,OBJ,neutral,ASTD,unknown,unknown,ASTD,full,الحرارة هنا في الصعيد جهنم، يا ريت تعملوا رتويت قبل ما أسيح من السخونة. #جمعية_الاقل_من1000_متابع,gemini-2.5-flash,0.7,42
SENT_007623,شبكه اخبار #المحله | متابعات | صورة اخرى من معرض السيارات الذى قام مجهولون باشعال النيران فى السيارات المتواجده,OBJ,neutral,ASTD,unknown,unknown,ASTD,full,شبكة أخبار المحلة | متابعة | دي صورة تانية من معرض العربيات اللي مجهولين ولعوا نار في العربيات اللي كانت موجودة فيه.,gemini-2.5-flash,0.7,42
SENT_014809,في نفس المكان، عقدة الراموسة، الذي منه أجبرت آﻻف العائﻻت الحلبية على مغادرة منازلها في أحياء حلب الشرقية باتجاه... https://t.co/pfIr04jsi0,negative,negative,ArSarcasm,msa,False,semeval,train,عقدة الراموسة، هي النقطة ذاتها التي شهدت إجبار آلاف الأسر الحلبية على ترك منازلها في الأحياء الشرقية لحلب، متوجهين نحو...,gemini-2.5-flash,0.7,42
SENT_001501,عائلة إماراتية في سوق واقف ومشاعر أخويه غير مستغربه #سحب_السفراء_من_قطر,OBJ,neutral,ASTD,unknown,unknown,ASTD,full,منظر عائلة إماراتية بسوق واقف والمشاعر الأخوية الصادقة بينهم، شيء متعودين عليه وما هو غريب أبدًا.,gemini-2.5-flash,0.7,42
SENT_017217,عايزه اعمل مجتمع ربعاوى بعيد عن الفلول و اللى عايزهم #فلول # شعب بلا اخلاق #ستحاسبووون,negative,negative,ArSarcasm,egypt,True,astd,train,أنا عايزة أعمل مجتمع على أسس رابعة، بعيد عن الفلول واللي بيسندوهم. دول شعب بلا أخلاق، وهتتحاسبوا حساب عسير!,gemini-2.5-flash,0.7,42
SENT_002281,"#اعترافات_الطفولة كنت اصوت حق بشار الشطي من فون ابوي كل ما يطلع نومينيه 😂😂""",OBJ,neutral,ASTD,unknown,unknown,ASTD,full,أيام الطفولة، كنت أحرص إني أصوت حق بشار الشطي من فون أبوي كل ما يصير نومينيه.,gemini-2.5-flash,0.7,42
SENT_020069,RT @tjshghg: ضربةحرة ضائعة للبرشا والآمال لازالت معلقة بالفوزجوالhttps://t.co/g05NYwvEqUيوتيوبhttps://t.co/g05NYwvEqU#برشلونة_الافيس#…,negative,negative,ArSarcasm,gulf,False,semeval,test,أضاع البرشا ضربة حرة، لكن الآمال بالفوز لم تنقطع بعد.,gemini-2.5-flash,0.7,42
SENT_014869,الله يبركلك يا دكتور ابو الفتوح #,positive,positive,ArSarcasm,msa,False,astd,train,ربنا يبارك فيك يا دكتور ابو الفتوح,gemini-2.5-flash,0.7,42
SENT_013906,تنمية بشرية - 3 دقائق للتأجيل والمماطلة #ماذا_لو_المدارس_مختلطهxatoildb.thshttps://t.co/WH2pPoi0UX,neutral,neutral,ArSarcasm,msa,False,semeval,train,محتوى في مجال التنمية البشرية، مدته 3 دقائق، يتناول التأجيل والمماطلة. #ماذا_لو_المدارس_مختلطه https://t.co/WH2pPoi0UX,gemini-2.5-flash,0.7,42
SENT_010242,RT @TustarNet: إيران تلوث بيئة الأحواز ، وإصابة ٢٧ الف بالسرطان خلال شهرين -... https://t.co/zZAxt7ILbF,negative,negative,ArSarcasm,msa,False,semeval,train,تواصل إيران تلويث بيئة الأحواز، مما أدى إلى تسجيل 27 ألف حالة سرطان خلال شهرين.,gemini-2.5-flash,0.7,42
SENT_003380,مااحلى شعارك ومدافعك ياقنرررزز #ارسنال,POS,positive,ASTD,unknown,unknown,ASTD,full,ما أروع شعارك ومدافعيك يا مدفعجية!,gemini-2.5-flash,0.7,42
SENT_007199,اللهم ارزقنا نعيم الجنه آمين,POS,positive,ASTD,unknown,unknown,ASTD,full,اللهم وهب لنا نعيم الجنة آمين,gemini-2.5-flash,0.7,42
SENT_012234,الحمد لله حققنا مستهدف حملة ال21 يوم لمحو الأمية شكرا لشباب صناع الحياة و لكل شركاء الحملة يا رب أعنا على,positive,positive,ArSarcasm,egypt,False,astd,train,الحمد لله، أنجزنا مستهدف حملة الـ21 يوم لمحو الأمية. كل الشكر لشباب صناع الحياة ولكل شركاء الحملة. يا رب أعنا على إكمال المشوار.,gemini-2.5-flash,0.7,42
SENT_014494,مقنبعه بين اردوغان و طفل ايران العبادي ههههههههههههههههههههههههههههههههه,negative,negative,ArSarcasm,msa,True,semeval,train,محشورة بين أردوغان وطفل إيران العبادي ههههههههههههههههههههههههههههههههه,gemini-2.5-flash,0.7,42
SENT_003853,عاطف الجوهرى - #إفتكروهم #المجد_للشهداء,OBJ,neutral,ASTD,unknown,unknown,ASTD,full,تذكروا شهداءنا. المجد لهم.,gemini-2.5-flash,0.7,42
SENT_015681,"تكريم ""رامي عياش"" بجامعة الـ LAU في لبنان#ET_بالعربي https://t.co/9Gj3aDFwSL",positive,positive,ArSarcasm,msa,False,semeval,train,رامي عياش يُكرّم في جامعة LAU اللبنانية.,gemini-2.5-flash,0.7,42
SENT_012716,"#السعاده ان يكون من نحب بخير وعافيه فنحن نشعر بهم ونهتم لامرهم حتى لو لم نراهم 3""",positive,positive,ArSarcasm,msa,False,astd,train,السعادة هي أن يكون أحباؤنا بخير وصحة جيدة. فنحن نشعر بهم ونهتم لأمرهم دائمًا، حتى لو لم نلتقِ بهم.,gemini-2.5-flash,0.7,42
SENT_001287,كورسيرا أكبر موقع عالمي يحتوى على مناهج جامعات عالمية هي الأفضل في تصنيف 2013! نتعاون معهم لتعريب المناهج، شاركونا! …,POS,positive,ASTD,unknown,unknown,ASTD,full,كورسيرا، المنصة العالمية الأضخم التي تضم مناهج من أفضل الجامعات العالمية (حسب تصنيف 2013)! نعمل حالياً بالتعاون معهم لتعريب هذه المناهج. ننتظر مشاركتكم!,gemini-2.5-flash,0.7,42
SENT_005445,"ودا قمة السفه في الصحافة !! ""الفن بعد ثورة 23 يوليو وبعد ثورة 25 يناير #مصر #الثورة """,NEG,negative,ASTD,unknown,unknown,ASTD,full,"ودا منتهى السخافة في التناول الصحفي، إنهم يركزوا على الفن في مصر من منظور ""ما بعد ثورة 23 يوليو"" و""ما بعد ثورة 25 يناير"".",gemini-2.5-flash,0.7,42
SENT_005875,#كلمة_شكر ل عآدل عبدالله ع البلنتي و الطرد اللي حصله ، اصلاً الطرد احلى 😳😳,POS,positive,ASTD,unknown,unknown,ASTD,full,حابين نشكر عادل عبدالله على البلنتي اللي أخذه، وعلى الطرد اللي حصله كمان. أصلاً، الطرد كان أحلى!,gemini-2.5-flash,0.7,42
SENT_008084,دعبد المنعم ابو الفتوح يتحدث عن ذكرياته لواقعة المشادة الكلامية بينه وبين الرئيس السادات,NEG,negative,ASTD,unknown,unknown,ASTD,full,الدكتور عبد المنعم أبو الفتوح يستذكر تفاصيل المشادة الكلامية التي جمعته بالرئيس السادات.,gemini-2.5-flash,0.7,42
SENT_007550,محامي ومستشار قانوني ٠٥٣٧٨٥٥٥٢٧ #المحامي #محامي #قاضي #حكم #درر #الوتر #مستشار #رقم #ريتويت #محاماة #مشاكل #قضايا #اسرية #محامي #مكتب ؟,OBJ,neutral,ASTD,unknown,unknown,ASTD,full,للتواصل مع محامٍ ومستشار قانوني، يرجى الاتصال على الرقم ٠٥٣٧٨٥٥٥٢٧. نحن نقدم الاستشارات والخدمات القانونية في مختلف القضايا، بما فيها القضايا الأسرية.,gemini-2.5-flash,0.7,42
SENT_014554,#عبد_الفتاح_السيسي @AlsisiOfficial يهني باختيار #جوتيريس سكرتير عام ل #الأمم_المتحدةhttps://t.co/Ff3WNWVwYq… https://t.co/2gns4eH3YS,positive,positive,ArSarcasm,msa,False,semeval,train,عبد الفتاح السيسي يهنئ جوتيريس على اختياره أمينًا عامًا للأمم المتحدة.,gemini-2.5-flash,0.7,42
SENT_014800,الارجنتين بدون ميسي مضحكه 😂😂,negative,negative,ArSarcasm,msa,True,semeval,train,الأرجنتين بلا ميسي مسخرة.,gemini-2.5-flash,0.7,42
SENT_016567,#المواطن | صور مراحل حمل النجمة #ميريام_فارس,neutral,neutral,ArSarcasm,msa,False,semeval,train,لقطاتٌ تبرز مراحل حمل النجمة ميريام فارس.,gemini-2.5-flash,0.7,42
SENT_000529,السنين الحلوه بتعدى قوام و آنتآ آسمك فى آلتآريخ بالنور مكتوب #أبو_تريكة,POS,positive,ASTD,unknown,unknown,ASTD,full,الأيام الحلوة بتعدي بسرعة، واسمك يا أبو تريكة منور صفحات التاريخ.,gemini-2.5-flash,0.7,42
SENT_011836,الناشطون السوريون في العالم مشغولون بزواج ريكي مارتن بشاب سوري هل هو حلال أم حرام #حلب,neutral,neutral,ArSarcasm,msa,False,semeval,train,النشطاء السوريون حول العالم ينشغلون بمسألة زواج ريكي مارتن من شاب سوري، ويتساءلون إن كان حلالاً أم حراماً.,gemini-2.5-flash,0.7,42
SENT_019311,@malak_alhusaini احس محد يشوف تغريداتي 😭😭😭 ملاك بايز فوزيني ب ايفون,neutral,neutral,ArSarcasm,gulf,False,semeval,test,@malak_alhusaini أحس إن تغريداتي صايرة مختفية عن الكل 😭😭😭 ملاك تكفين فوزيني بأيفون,gemini-2.5-flash,0.7,42
SENT_009750,@mohmad3033 والله مهو كلهم يبو سلطان..الاعلام الغربي يبي يصور لنا ان الشيعة خطر ويبي يصور للشيعة أنفسهم ان السنة خطر عليهم,negative,negative,ArSarcasm,gulf,False,semeval,train,والله، مو كل الشيعة يبغون سلطان. الإعلام الغربي يحاول يقدّم لنا صورة إن الشيعة يشكلون خطر، وبنفس الوقت يحاول يقدّم للشيعة أنفسهم صورة إن السنة خطر عليهم.,gemini-2.5-flash,0.7,42
SENT_010623,زوجة #ابراهيم_حسن ل #٩٠_دقيقة سائق شركة #اوبر تعدي على ابني بمطواه طالبا منه الموبايل فرفض مما ادي الي جروح قطعيه في جسده,negative,negative,ArSarcasm,msa,False,semeval,train,سواق أوبر اعتدى على ابني بمطواه، وكان بيطلب منه الموبايل، ولما ابني رفض يديهوله، اتعرض لجروح قطعية في جسمه.,gemini-2.5-flash,0.7,42
SENT_015278,تقدم بريطانيا مساعدات منقذة للأرواح لملايين المتضررين من الصراع في #سورية. #الوقوف_مع_حلب https://t.co/SxNY3ELrNN,neutral,neutral,ArSarcasm,msa,False,semeval,train,تُقدم بريطانيا معونات تُنقذ الأرواح لملايين المتضررين من النزاع في #سورية. #الوقوف_مع_حلب,gemini-2.5-flash,0.7,42
SENT_013379,"""#استهداف_النازحين_بحلب"".. جريمة حرب على مرأى ومسمع الجميع، متى يتحرك ضمير #العالم تجاه مأساة #السوريين ؟!!#أنقذوا_حلب#سوريا",negative,negative,ArSarcasm,msa,False,semeval,train,استهداف النازحين في حلب جريمة حرب سافرة تُرتكب أمام أعين العالم أجمع. إلى متى سيبقى ضمير العالم صامتاً تجاه مأساة السوريين؟ يجب التحرك فوراً لإنقاذ حلب وسوريا.,gemini-2.5-flash,0.7,42
SENT_015148,@AssalaOfficial تتر فلم فاست فاريوس 8 اغنية جزائرية بصوت جستن بيبر بعد النسخة سابقة دي جي سنايك قاصف جبهة… https://t.co/ytVZDNe1Fx,positive,positive,ArSarcasm,msa,False,semeval,train,تتر فيلم فاست آند فيوريوس 8، أغنية جزائرية بصوت جاستن بيبر، بعد النسخة السابقة لدي جي سنايك. قصف جبهة حقيقي!,gemini-2.5-flash,0.7,42
SENT_017389,100 يوم من فشل الانقلاب 200 دولة ترفضه 400 فندق اغلق 800 مصنع افلس 8000 شهيد 20000 معتقل 30000 مصاب 50000 مسجد,negative,negative,ArSarcasm,msa,False,astd,train,بعد مرور 100 يوم على فشل الانقلاب، تتضح آثاره الوخيمة التي شملت رفض 200 دولة له، وإغلاق 400 فندق، وإفلاس 800 مصنع. كما أسفر عن 8000 شهيد، و20000 معتقل، و30000 مصاب، فضلاً عن 50000 مسجد.,gemini-2.5-flash,0.7,42
SENT_019348,#ماذا_لو_المدارس_مختلطه أمنيات المنحرفين لن تتحقق ابداً ✋🏻,neutral,neutral,ArSarcasm,msa,False,semeval,test,ما يتطلع إليه أصحاب الأفكار المنحرفة لن يرى النور إطلاقاً.,gemini-2.5-flash,0.7,42
SENT_016003,RT @LibanCulture: وفعلها سعد رمضان وتحوّل إلى عريسٍ في ضيعته برجا@Saad_Ramadan https://t.co/N2SGUsAJTC https://t.co/kFsDij28fx,positive,positive,ArSarcasm,egypt,False,semeval,train,ها قد فعلها سعد رمضان! أصبح الآن عريساً في ضيعته برجا.,gemini-2.5-flash,0.7,42
SENT_014186,"فيديو/ الأتراك يتوافدون على معبر ""باب الهوى"" لإستقبال السوريين النازحين وتوزيع المساعدات عليهم https://t.co/iloCdcMTmi",positive,positive,ArSarcasm,msa,False,semeval,train,الأتراك يتوجهون بأعداد كبيرة إلى معبر باب الهوى لاستقبال النازحين السوريين وتقديم المساعدات لهم.,gemini-2.5-flash,0.7,42
SENT_010647,@_iRalbert ايه اقتباس من جستن بيبر الشاذ اةةة,negative,negative,ArSarcasm,egypt,True,semeval,train,أيه؟ اقتباس من جستن بيبر الشاذ؟ أوف!,gemini-2.5-flash,0.7,42
SENT_010074,"المجد لشهداء ""#محمد_محمود"" الذين سالت دماؤهم لتروي شجرة النضال …",negative,negative,ArSarcasm,egypt,False,astd,train,"العزّة لشهداء ""#محمد_محمود"" الذين ضحّوا بدمائهم لتُزهر شجرة النضال.",gemini-2.5-flash,0.7,42
SENT_016991,RT @FCBW_A7: إيمري كولاك (ديبورتيفو) : أردا توران مثل أخي و هو قدوة بالنسبة لي ، ميسي الأفضل و انا مُعجب به كثيراً,positive,positive,ArSarcasm,msa,False,semeval,train,إيمري كولاك (ديبورتيفو) صرح بأن أردا توران هو مثل أخيه وهو قدوته، وأنه يرى ميسي الأفضل ومعجب به جداً.,gemini-2.5-flash,0.7,42
SENT_015045,ديميكليس هذا مفترض لا يلعب ، صديق ميسي .موساتشيو ليس مدافع يسار ومايدانا وغاراي افضل،لا اعرف لماذا ميسي مستبعد غاراي.,neutral,neutral,ArSarcasm,msa,False,semeval,train,ديميكليس المفروض ما يلعبش، ده صاحب ميسي. موساتشيو مش ظهير أيسر، ومايدانا وغاراي أحسن بكتير. مش فاهم ليش ميسي مستبعد غاراي.,gemini-2.5-flash,0.7,42
SENT_014641,تتعانق الاخوات#حلب#بورما#غروزني#سربرنيتشا#غزةمع اختهم الكبرى #القدس في خدمة المصالح العليا للامة العربية والاسلامية,positive,positive,ArSarcasm,msa,False,semeval,train,تتوحد حلب، بورما، غروزني، سربرنيتشا، وغزة، كأخوات، مع القدس أختهن الكبرى، في سبيل تحقيق المصالح العليا للأمة العربية والإسلامية.,gemini-2.5-flash,0.7,42
SENT_013092,تطبيق إسلامي رائع حمله أكثر من 10 مليون مسلم !للتحميل #آندرويد:https://t.co/oyWmCx3nROللتحميل #آيفون:https://t.co/DlB0mNn8mp,positive,positive,ArSarcasm,msa,False,semeval,train,اكتشفوا تطبيقاً إسلامياً مميزاً تجاوز عدد مستخدميه 10 ملايين مسلم! لتحميله على #أندرويد: https://t.co/oyWmCx3nRO وللآيفون: https://t.co/DlB0mNn8mp,gemini-2.5-flash,0.7,42
SENT_012147,ڤالنتينو كيوت وناعم. الباقيين ما أخسر فيهم ريال قديم 😳تحديداً غوتشي ! ماهذا يا بيونسيه ؟ https://t.co/szjADT1gmR,negative,negative,ArSarcasm,gulf,False,semeval,train,ڤالنتينو كيوت وناعم. أما الباقيين، تحديداً غوتشي، فما يستاهلون أخسر فيهم ريال قديم 😳 وش هالشيء يا بيونسيه؟,gemini-2.5-flash,0.7,42
SENT_019804,الانقلابي جورج اسحق يشكو من تعسف الانقلاب انت لسه شفت حاجة بكره تبكى بدل الدموع دم وتقول ولا يوم من ايامك يا مرسي,negative,negative,ArSarcasm,egypt,True,astd,test,جورج اسحق، اللي أيد الانقلاب، بيشتكي دلوقتي من ظلم الانقلاب. لسه ماشفتش حاجة، بكره تبكي بدل الدموع دم، وتقول يا ريت يرجع يوم من أيامك يا مرسي.,gemini-2.5-flash,0.7,42
SENT_000564,#وسط_البلد رحلة إلى الجحيم ~,OBJ,neutral,ASTD,unknown,unknown,ASTD,full,روحة وسط البلد جحيم.,gemini-2.5-flash,0.7,42
SENT_013762,وسائل الإعلام الصينية توجه تحذيرًا صارمًا لترامب #ترامب #الصين https://t.co/RJVNMkiSCj https://t.co/ria7mmh55V,negative,negative,ArSarcasm,msa,False,semeval,train,وجه الإعلام الصيني تحذيرًا شديد اللهجة إلى ترامب.,gemini-2.5-flash,0.7,42
SENT_017472,خطاب بوب ديلان إلى الأكاديمية السويدية بعد فوزه بنوبل | ترجمة أمير زكي | المنصة https://t.co/6BccohwlW4,neutral,neutral,ArSarcasm,msa,False,semeval,train,نص خطاب بوب ديلان الموجه إلى الأكاديمية السويدية عقب فوزه بجائزة نوبل، بترجمة أمير زكي، متاح على المنصة.,gemini-2.5-flash,0.7,42
SENT_005439,مرشحي الرئاسة يقترحون جدولا زمنيا تبدأ في انتخابات البرلمان في 28 نوفمبر 2011 على 3 مراحل ثم تليها انتخابات,OBJ,neutral,ASTD,unknown,unknown,ASTD,full,يقترح مرشحو الرئاسة جدولا زمنيا يتضمن بدء انتخابات البرلمان في 28 نوفمبر 2011 على ثلاث مراحل، على أن تتبعها انتخابات.,gemini-2.5-flash,0.7,42
SENT_018176,بلجيكا تندد بمصادقة إسرائيل على بناء 98 وحدة بالضفة الغربية https://t.co/dZe9NuP5p5,negative,negative,ArSarcasm,msa,False,semeval,test,بلجيكا تستنكر موافقة إسرائيل على إقامة 98 وحدة بالضفة الغربية.,gemini-2.5-flash,0.7,42
SENT_013117,شكراً :),positive,positive,ArSarcasm,msa,False,astd,train,ألف شكر :),gemini-2.5-flash,0.7,42
SENT_018361,RT @mohamedghorab32: على طريقة الزمالك .. برشلونة 2x2 يستعد لغزو العالم https://t.co/On0zFi19YW,positive,positive,ArSarcasm,msa,False,semeval,test,برشلونة اتعادل 2-2. على طريقة الزمالك، خلاص هيغزوا العالم!,gemini-2.5-flash,0.7,42
SENT_011419,RT @bshaeir3: - دخل ضد تايلاند وتسبب ببلنتي الانتصار .- دخل ضد العراق وانقذ هدف محقق 100٪ .- دخل ضد الامارات و فك المباراة بصاروخية . ي…,neutral,neutral,ArSarcasm,msa,False,semeval,train,كل ما نزل، قلب الموازين. ضد تايلاند، جاب بلنتي الفوز. ضد العراق، أنقذ هدف كان محقق مية بالمية. وضد الإمارات، فك المباراة بتسديدة صاروخية حاسمة.,gemini-2.5-flash,0.7,42
SENT_008990,يتم توليد الطاقة الحديثة من 3 مصادر اساسية #المياة و #الرمال و #الهواء لذلك #أوقفوا_الفحم,OBJ,neutral,ASTD,unknown,unknown,ASTD,full,تُنتج الطاقة الحديثة بالاعتماد على ثلاثة مصادر أساسية: الماء، الرمل، والهواء. لذلك، أوقفوا الفحم.,gemini-2.5-flash,0.7,42
SENT_008672,_: #معرض_الكتاب كتاب : المشوق إلى القراءة وطلب العلم لـ الشيخ _,POS,positive,ASTD,unknown,unknown,ASTD,full,#معرض_الكتاب يتوفر كتاب المشوق إلى القراءة وطلب العلم لـ الشيخ _,gemini-2.5-flash,0.7,42
SENT_007107,أثق في رؤيةأحمد سعيد وأعلم التزامه بمبادئه وأنا معجب بتصريحه أن الحزب يستطيع أن يكون حزب الأغلبيةوأتمنى فوزه في الانتخابات لتحقيق تلك الرؤية,POS,positive,ASTD,unknown,unknown,ASTD,full,أنا أثق كل الثقة في رؤية أحمد سعيد، ومدرك تماماً لالتزامه الراسخ بمبادئه. كما أنني شديد الإعجاب بتصريحه الجريء بأن الحزب قادر على أن يصبح حزب الأغلبية. ولذلك، أتمنى له كل التوفيق والفوز في الانتخابات ليتمكن من تحقيق هذه الرؤية الطموحة.,gemini-2.5-flash,0.7,42
SENT_018106,@Celebrities_Mag مـلـكـة الأرقـام #إلـيـسـا,positive,positive,ArSarcasm,msa,False,semeval,train,المتربعة على عرش الأرقام... إليسا.,gemini-2.5-flash,0.7,42
SENT_012761,يادين امي ع الحظ يعني أحمد الشيخ مش هيجي يوم الاحد مع المقاصة 😐😠,negative,negative,ArSarcasm,egypt,False,semeval,train,يا خراب حظي! يعني أحمد الشيخ مش هيلعب يوم الأحد مع المقاصة؟,gemini-2.5-flash,0.7,42
SENT_007362,#ارسنال #انتقالات,OBJ,neutral,ASTD,unknown,unknown,ASTD,full,انتقالات أرسنال,gemini-2.5-flash,0.7,42
SENT_015991,@MoathDev @Fishisfast_AR معاذ .. اخوي تعامل مع مناوله ويمدحه ياخذون 20 ريال على الطلبيه ويتعاملون مع امازون فقط .. يمكن ينفع لك,positive,positive,ArSarcasm,gulf,False,semeval,train,يا معاذ، أخي جرب مناوله ويمدح تعاملهم. ياخذون 20 ريال على الطلبية، وما يتعاملون إلا مع أمازون. يمكن يفيدونك.,gemini-2.5-flash,0.7,42
SENT_012903,لا ترتبط بفتاة لا تجيد الطبخ فالحب لن يطبخ لك الغدانزار برياني(:😂#معرض_الكويت_الدولي_للكتاب,neutral,neutral,ArSarcasm,msa,False,semeval,train,نصيحة: لا ترتبط ببنت ما تعرف تطبخ، لأن الحب بروحه ما راح يسويلك غداك، ولا حتى برياني نزار! 😂,gemini-2.5-flash,0.7,42
SENT_018445,4 متصفحات مميزة لهواتف أندرويد - https://t.co/dLSAi4o8Nk https://t.co/291y4zB4VA,neutral,neutral,ArSarcasm,msa,False,semeval,test,إليكم 4 متصفحات أندرويد استثنائية.,gemini-2.5-flash,0.7,42
SENT_012838,#في_حاجة_صح ان الجيش المصرى قوى ومتماسك,positive,positive,ArSarcasm,egypt,False,astd,train,مفيش كلام إن الجيش المصري قوي ومتماسك.,gemini-2.5-flash,0.7,42
SENT_016199,@oceanazul80 او ارقام ص😂😂😂😂😂بابا رندفو او انه امثل علينا قدام الكاميرات انه ها شفوني 😂😂😂😂😂والله يا اوباما مخلغين اسنان هي اسوالف 😂😂😂😂😂,negative,negative,ArSarcasm,gulf,True,semeval,train,"هل هي أرقام وبس صح؟ يا أخي، هذا رندفو ولا تمثيل علينا قدام الكاميرات عشان يقول ""ها شوفوني""؟ والله يا أوباما، هالسوالف صارت مخلّعة أسنانها.",gemini-2.5-flash,0.7,42
SENT_019480,RT @saraalwd3any: @Mohamed__Othaim مررررهكنهم مسرحية خزلبه تافهه!اتوقع ان الانتخابات شكليةاوباما بيخلص رئاسته مافلح بشي!,negative,negative,ArSarcasm,levant,True,semeval,test,بالحيل كأنها تمثيلية سخيفة ومضللة! أحس إن الانتخابات مجرد واجهة، وأوباما قرب يخلص رئاسته وما نجح بأي شي.,gemini-2.5-flash,0.7,42
SENT_007750,ما الذي حدث في الإتحادية؟ سرد كامل بالفيديو و الأدلة,OBJ,neutral,ASTD,unknown,unknown,ASTD,full,ما الذي جرى في الإتحادية؟ تفاصيل وافية مطلوبة، مرفقة بالفيديو والأدلة.,gemini-2.5-flash,0.7,42
SENT_009526,ال ع الشمال ده زييت #باسم_عودة الإرهابي أما ال ع اليمين ده زيت الإستقراااااااااااااااااااارررررررر #هز_ديلك …,NEG,negative,ASTD,unknown,unknown,ASTD,full,اللي على الشمال ده هو الإرهابي باسم عودة، أما اللي على اليمين ده فهو الاستقرار الحقيقي. هزوا ديلكم!,gemini-2.5-flash,0.7,42
SENT_007339,2009936 129 جميع أرقام #الأهلى #مصر في #دوري_أبطال_أفريقيا من البداية وحتى 2059,OBJ,neutral,ASTD,unknown,unknown,ASTD,full,جميع أرقام وإحصائيات النادي الأهلي المصري في دوري أبطال أفريقيا، من بداية مشاركاته وحتى عام 2059.,gemini-2.5-flash,0.7,42
SENT_010108,"@NawalElZoghbi - ﺑﻴﻦ گُل "" ﻧِﻔﺲ ﻓﻴّﻨﻲ "" صُوتگگ"" #نوآل_آلزغبي #آغلى_آلحبآيب 💙💗💗😍❤ https://t.co/5eMN7CEmTx",positive,positive,ArSarcasm,egypt,False,semeval,train,بكل نفس فيني، صوتك مرافقني.,gemini-2.5-flash,0.7,42
SENT_016928,احمد الشيخ :- ياجدعان بوصولي جمبكو اهو انا اللي جبت الجون https://t.co/bj4G0qtRQ1,neutral,neutral,ArSarcasm,egypt,False,semeval,train,يا جدعان، بصوا لي، أنا جنبكم أهو، أنا اللي جبت الجون.,gemini-2.5-flash,0.7,42
SENT_014130,هل #الاخوان هم من سرقوا البلد وباعوا مؤسساتها وشركاتها وثرواتها للصهاينة؟هل عقدوا صلحا مع دولة الكيان الصهيوني؟هل خنقوا…,negative,negative,ArSarcasm,msa,True,astd,train,هل الإخوان هم من نهبوا ثروات البلاد وباعوا مؤسساتها وشركاتها للصهاينة؟ وهل هم من أقاموا صلحاً مع الكيان الصهيوني؟ وهل هم من خنقوا...,gemini-2.5-flash,0.7,42
SENT_007196,شاهدوا في الحلقة 23 من برنامج: عُمر صانع حضارة، كيف كان التراحم الاجتماعي بينه وبين الناس سبباً في إقامة دولة,OBJ,neutral,ASTD,unknown,unknown,ASTD,full,تابعوا الحلقة الثالثة والعشرين من برنامج 'عُمر صانع حضارة' لتكتشفوا الدور المحوري الذي لعبه التراحم الاجتماعي بينه وبين رعيته في تأسيس الدولة.,gemini-2.5-flash,0.7,42
SENT_010070,@Mohamed85146101 مبروك عليك ويندوز 10 .. ربنا يخلهوللللللك,negative,negative,ArSarcasm,egypt,True,semeval,train,ألف مبروك على ويندوز 10 يا بطل، وربنا يباركلك فيه ويجعله وش السعد عليك.,gemini-2.5-flash,0.7,42
SENT_003062,مخاوف المسلمين من الاخوان لا تقل عن مخاوف الأقباط ولولا تواطؤ الاخوان مع العسكري لما وصلنا الى هذه الورطة الطائفية قضت عليها الثورة نهائيا,NEG,negative,ASTD,unknown,unknown,ASTD,full,خوف المسلمين من الإخوان مبيقلش عن خوف الأقباط منهم، ولو ما كانش فيه تواطؤ من الإخوان مع العسكري، ما كناش دخلنا في الأزمة الطائفية دي اللي الثورة قضت عليها تماماً.,gemini-2.5-flash,0.7,42
SENT_009669,ثلاثين يونيو موجة ثورية ضد الفاشل مرسي والجماعة الكذابة ما أرفضه هو القمع والعقاب الجماعي كفاية كذب وخداع للنفس,NEG,negative,ASTD,unknown,unknown,ASTD,full,ثلاثين يونيو كانت انتفاضة ثورية ضد مرسي الفاشل والجماعة الكذابة. لكن اللي أرفضه هو القمع والعقاب الجماعي. كفاية بقى كذب وخداع للنفس.,gemini-2.5-flash,0.7,42
SENT_008538,"#ليه بنخاف من الموت و هو الحاجه الحقيقيه في الدنيا !""",POS,positive,ASTD,unknown,unknown,ASTD,full,ليه الخوف بيتملكنا من الموت، مع إنه الحقيقة الوحيدة اللي موجودة في دنيتنا؟,gemini-2.5-flash,0.7,42
SENT_013875,ما اسخف مطاردة الارهاب و هو في مجلس الأمن ! #لافروف,negative,negative,ArSarcasm,msa,True,semeval,train,إيه السخافة دي إننا نطارد الإرهاب وهو قاعد في مجلس الأمن!,gemini-2.5-flash,0.7,42
SENT_005338,تعرضت لكل هذا من معسكر أخر بعد قانون العزل وواجهته وفندت زيفه أرى نفسي في كتلة ثالثة ليست مع عودة النظام القديم ولا مع هيمنة فصيل واحد,NEG,negative,ASTD,unknown,unknown,ASTD,full,بعد قانون العزل، اتعرضت لحاجات كتير من طرف تاني، لكني واجهتهم وفندت زيف ادعاءاتهم. أنا شايف نفسي في تيار تالت، لا مع عودة النظام القديم ولا مع سيطرة فصيل واحد.,gemini-2.5-flash,0.7,42
SENT_006936,#إبراهيم_محلب هايدخل التاريخ وهايحل مشكلة سد النهضة وإبقو إفتكرو إن مدرستى#دى_لاسال قدمت هدية لمصر من أحد خريجيها الناجحين,POS,positive,ASTD,unknown,unknown,ASTD,full,إبراهيم محلب هيسجل اسمه في التاريخ لأنه هيحل مشكلة سد النهضة. وخليكم فاكرين إن مدرستي دي لاسال قدمت لمصر هدية قيمة، وهو واحد من خريجيها الناجحين.,gemini-2.5-flash,0.7,42
SENT_008509,هو ممكن ت #نزل_صلاح :( #ليلة_الابطال,NEG,negative,ASTD,unknown,unknown,ASTD,full,هو ممكن صلاح ينزل يلعب؟ :( دي ليلة الأبطال.,gemini-2.5-flash,0.7,42
SENT_005180,ضد الظلم مع باسم #ثورة_25_يناير #باسم_رئيسا_لمصر #انتخبوا_العرص,NEUTRAL,neutral,ASTD,unknown,unknown,ASTD,full,أنا ضد الظلم ومع باسم، يا ريت باسم يبقى رئيس مصر، مش العرص اللي بيطلبوا مننا ننتخبه ده.,gemini-2.5-flash,0.7,42
SENT_013849,ريجيني جديد؟ https://t.co/HaGWS4Br8M,neutral,neutral,ArSarcasm,msa,False,semeval,train,هل هذا ريجيني آخر؟,gemini-2.5-flash,0.7,42
SENT_002999,"المعنى الحقيقي للوطنية المعنى الحقيقي للضحكة الصافية #باسم""",POS,positive,ASTD,unknown,unknown,ASTD,full,باسم يجسّد المعنى الحقيقي للوطنية والضحكة الصافية.,gemini-2.5-flash,0.7,42
SENT_019792,12 مليون مصرى لم يدفعوا فاتورة الكهرباء الانقلاب ساقط اصبروا وثابروا واحشدوا واهتفوا سلميتنا سلاحنا,negative,negative,ArSarcasm,egypt,False,astd,test,12 مليون مصري ما دفعوش فاتورة الكهرباء. الانقلاب ساقط حتمًا. اصبروا وثابروا واحشدوا واهتفوا، سلميتنا هي سلاحنا.,gemini-2.5-flash,0.7,42
SENT_003927,#ﻓﻮﻟﻮﺭﺯ_ﺍﺳﻼﻣﻮﻓﻴﺘﺶ_ﺑﻴﻌﻤﻠﻮﺍ_ﻟﺒﻌﺾ_ﻓﻮﻟﻮ #ﻓﻮﻟﻮﺭﺯ_ﻋﻔﺮﻛﻮﺵ_ﺑﻴﻌﻤﻠﻮ_ﻓﻮﻟﻮ_ﻟﺒﻌﺾ #ﺍﻟﻤﺪﺭﻳﺪﺳﺘﺎ_ﺑﻴﻌﻤﻠﻮﺍ_ﻓﻮﻟﻮ_لبعض,OBJ,neutral,ASTD,unknown,unknown,ASTD,full,فولورز إسلاموفيتش بيعملوا فولو لبعض، وفولورز عفركوش برضه بيعملوا لبعض فولو، والمدريديستا كمان بيعملوا فولو لبعض.,gemini-2.5-flash,0.7,42
SENT_017859,ياسين السويحة، عن عودة الحدود وسياساتها إلى مركز النقاش السياسي في الغرب https://t.co/vcwVwvpuAC#أوروبا #الولايات_المتحدة #دونالد_ترامب,neutral,neutral,ArSarcasm,msa,False,semeval,train,يناقش ياسين السويحة بروز ملف الحدود وسياساتها مجدداً في صلب الحوار السياسي الغربي.,gemini-2.5-flash,0.7,42
SENT_010906,انا عندي حنين ما بعرف لمين ..ليلي بيخطفني من بين السهرانين💔#فيروز,positive,positive,ArSarcasm,levant,False,semeval,train,أنا جواتي حنين ما بعرف لمين. وبالليل هالاحساس بيسحبني من وسط السهرانين.,gemini-2.5-flash,0.7,42
SENT_012542,شاهد .. مواجهات عنيفة بين #الجيش_السوري والجماعات المسلحة في #الشيخ_سعيد جنوب #حلبhttps://t.co/RaKvhtYXhy https://t.co/C7tLJa8f6u,neutral,neutral,ArSarcasm,msa,False,semeval,train,تشهد منطقة الشيخ سعيد جنوب حلب مواجهات ضارية بين الجيش السوري والفصائل المسلحة.,gemini-2.5-flash,0.7,42
SENT_008147,بسمة أمل - هدية لعودة الحب لحياتنا,POS,positive,ASTD,unknown,unknown,ASTD,full,ابتسامة أمل، هي الهدية التي تعيد الحب إلى حياتنا.,gemini-2.5-flash,0.7,42
SENT_007663,ممكن رئيس لسه جايب 51? من الأصوات في الإعادة ضد فل عليه بلاغات ممكن فجأة يلاقي 90? من نفس الشعب مؤيدين لديكتاتوريته؟,NEG,negative,ASTD,unknown,unknown,ASTD,full,يعني معقول رئيس يا دوب جاب 51% من الأصوات في الإعادة قدام واحد عليه بلاغات، فجأة يلاقي 90% من نفس الشعب مؤيدين لديكتاتوريته؟,gemini-2.5-flash,0.7,42
SENT_004510,تفاقم أزمة #أوكرانيا يهدد واردات #القمح إلى الدول العربية,OBJ,neutral,ASTD,unknown,unknown,ASTD,full,تصاعد الأزمة في أوكرانيا يمثل تهديداً لوصول القمح إلى الدول العربية.,gemini-2.5-flash,0.7,42
SENT_017937,#اليمن .تعز...الانقلابين والعفشين .جرائم بتعز على المدنبن بلاسلحة الثفيلة اكثرمن مكن واكذكل القناصة لافرق بين... https://t.co/5P1zUGAvUr,neutral,neutral,ArSarcasm,msa,False,semeval,train,في تعز باليمن، يرتكب الانقلابيون والعفاشيون جرائم مروعة بحق المدنيين. يستخدمون الأسلحة الثقيلة والقناصة بشكل يفوق التصور، مستهدفين الجميع دون تمييز.,gemini-2.5-flash,0.7,42
SENT_011205,تجاهل مبارك للفقراء لم يكن نابعا عن إهمال فقط وإنما فلسفة تقوم على احتقار الفقراء لأنهم فشلوا فى الثراء,negative,negative,ArSarcasm,msa,False,astd,train,إهمال مبارك للفقراء لم يكن مجرد تقصير، بل كان مبنيًا على نظرة احتقار لهم، لاعتقاده أنهم لم ينجحوا في تحقيق الثراء.,gemini-2.5-flash,0.7,42
SENT_012868,«#الناتو» مطمئن حيال #ترمب وأوباما يودع أوروبا بالاتفاق على التعاون https://t.co/a7H4PIuHHG#عكاظ https://t.co/pE52ybpQCw,neutral,neutral,ArSarcasm,msa,False,semeval,train,حلف الناتو يُبدي اطمئنانه حيال ترمب، بينما أوباما يودّع أوروبا بالتوصل لاتفاق تعاون.,gemini-2.5-flash,0.7,42
SENT_002063,نرفض تقييد حق الاعتصام وإعطاء سلطات مطلقة للأمن في منع التظاهر والمبالغة في العقوبات وتوسيع حرم منع التظاهر لا للقانون بصيغته الراهنة,NEG,negative,ASTD,unknown,unknown,ASTD,full,نرفض تقييد حق الاعتصام، ومنح الأمن صلاحيات مطلقة لمنع التظاهر، والمبالغة في فرض العقوبات، وتوسيع المساحات المحظورة للتظاهر. القانون بصيغته الراهنة مرفوض.,gemini-2.5-flash,0.7,42
SENT_017429,#أحلام و #عادل_امام و العوكش | قصف منتصف الجبهة | هتموت من #الضحكhttps://t.co/0slN8YHEK1,negative,negative,ArSarcasm,egypt,True,semeval,train,"أحلام وعادل إمام والعوكش في لقطة ""قصف جبهة"".. هتموت من الضحك!",gemini-2.5-flash,0.7,42
SENT_014626,اكثر صورة ضحكتني اليووم #ترامب #السعودية #Trump #Santa #Christmas #WhiteChristmas https://t.co/u31F4XTUjz,neutral,neutral,ArSarcasm,egypt,True,semeval,train,الصورة اللي موتتني ضحك اليوم.,gemini-2.5-flash,0.7,42
SENT_002376,د أبو الفتوح: أنا مشروعي يمثل كل الوطن لأن الرئيس القادم يجب أن يكون رئيسا لكل المصريين بمختلف مرجعياتهم وافكارهم,OBJ,neutral,ASTD,unknown,unknown,ASTD,full,د أبو الفتوح: مشروعي بيمثل مصر كلها، وده لأن الرئيس اللي هييجي لازم يكون رئيس لكل المصريين على اختلاف مرجعياتهم وأفكارهم.,gemini-2.5-flash,0.7,42
SENT_009634,بسمة أمل جديدة مع لذة العطاء,POS,positive,ASTD,unknown,unknown,ASTD,full,تتجدد بسمة الأمل مع متعة العطاء.,gemini-2.5-flash,0.7,42
SENT_004273,شاهد - آخر كلام: لم يعد مجدياً أي حديث مع بشار,NEG,negative,ASTD,unknown,unknown,ASTD,full,شاهد - كلمة أخيرة: الكلام مع بشار لم يعد يجدي نفعاً.,gemini-2.5-flash,0.7,42
SENT_004601,مشاهد من مسرح حكم الفرد الجزء الأول مقال اليوم في الشروق,OBJ,neutral,ASTD,unknown,unknown,ASTD,full,"نُشر اليوم في الشروق مقال بعنوان ""مشاهد من مسرح حكم الفرد الجزء الأول"".",gemini-2.5-flash,0.7,42
SENT_014661,#عيد_الأم #امي امي يا اجمل ما يبدأ بهِ يومي فَ سبحان من صنّع من دعواتكِ سعادةٌ لي لا تنتهي,positive,positive,ArSarcasm,msa,False,astd,train,أمي، أنتِ زينة بدايات أيامي. سبحان من جعل من دعواتكِ مصدر سعادةٍ لي لا تَنفد.,gemini-2.5-flash,0.7,42
SENT_012023,باااااااااااااااااطل ياولاد التيت :/ من مسيرة #المطرية #أنا_حازم #مرسي_رئيسي #ياخاين_ياسيسي #حتماً_سنعود,negative,negative,ArSarcasm,egypt,False,astd,train,باطلٌ هذا كله يا كلاب! من مسيرة المطرية نعلنها: نحن مع حازم ومرسي رئيسنا، والسيسي خائن. حتماً سنعود.,gemini-2.5-flash,0.7,42
SENT_019174,"RT @20fourMedia: #غوغل تُطلق حملة إعلانية ضخمة لهاتفها الجديد بيكسل""https://t.co/QtUma3Pzgh https://t.co/lMqtjEyOPw""",neutral,neutral,ArSarcasm,msa,False,semeval,test,غوغل تشن حملة دعائية كبرى لهاتفها بيكسل الجديد.,gemini-2.5-flash,0.7,42
