id,gold_label,dataset,dialect,sarcasm,original_text,paraphrase,model,temperature,original_prediction_raw,original_prediction,original_score,paraphrase_prediction_raw,paraphrase_prediction,paraphrase_score
SENT_020165,negative,ArSarcasm,msa,True,2008 الشرطة التركية اليوم تفرق المظاهرات ضد اردوغان بالقوة بينما يندد هو بفض اعتصامات رابعة,الشرطة التركية في عام 2008 فرّقت بعنف المظاهرات المناهضة لأردوغان، وهو ذاته الذي يندد اليوم بفض اعتصامات رابعة.,Abdo36/Arabert-Sentiment-Analysis-ArSAS,not_applicable,Neutral,neutral,0.47087907791137695,Negative,negative,0.7917360663414001
SENT_006115,positive,ASTD,unknown,unknown,خطاب مرسي بداية جيدة نتمنى ان يكون ذلك بداية لتوحيد الصفوف ضد العسكر,خطاب مرسي ده بداية كويسة فعلًا، ويا رب يكون المدخل اللي يوحد الصفوف في وش العسكر.,Abdo36/Arabert-Sentiment-Analysis-ArSAS,not_applicable,Positive,positive,0.8593624234199524,Positive,positive,0.6108629107475281
SENT_018655,neutral,ArSarcasm,msa,False,#موسكو ستطلب من #الناتو ردودا بناءة#اسأل_أكثرhttps://t.co/sf4YPWnbKB https://t.co/oKndG3ucgI,موسكو ستطالب الناتو بردود بناءة.,Abdo36/Arabert-Sentiment-Analysis-ArSAS,not_applicable,Neutral,neutral,0.9428437352180481,Neutral,neutral,0.5424518585205078
SENT_002182,negative,ASTD,unknown,unknown,وحكاية إنه يكتب البذاءات دي بقت قديمة خالصده أكثر الأفلام إسفافا أرقى من خطب بعض مشايخكم اللي طلعتوهم على منصة دعم كذب الرئيسإلعبوا غيرها,حكاية كتابته للبذاءات دي أصبحت حجة قديمة ومستهلكة جداً. أسوأ الأفلام وأكثرها انحطاطاً، أشرف من خطب بعض مشايخكم اللي صعدتوهم لمنصة تأييد أكاذيب الرئيس. إلعبوا غيرها.,Abdo36/Arabert-Sentiment-Analysis-ArSAS,not_applicable,Negative,negative,0.9762499332427979,Negative,negative,0.9843971133232117
SENT_009322,negative,ASTD,unknown,unknown,يامبرراتي ياللي مش مكسوف من نفسكماكانش حد هيفتح بقه لو رئيسك قال من الأول انا مااشتغلتش مع ناسا مباشرة ولاعمري رحتها كنت في جامعتي بس,يا اللي عمال تبرر ومش بتستحي من نفسك، ما كانش حد هيقدر يتكلم لو رئيسك صرّح من البداية إنه ماشتغلش مع ناسا بشكل مباشر، ولا زارها في أي وقت، وإنه كان كل اللي عمله إنه كان في جامعته.,Abdo36/Arabert-Sentiment-Analysis-ArSAS,not_applicable,Negative,negative,0.8047338128089905,Negative,negative,0.8882704973220825
SENT_008145,positive,ASTD,unknown,unknown,شاهد - آخر كلام: لماذا مليونية الجمعة 8 يوليو # والد أحد شهداء,شاهد ضمن 'آخر كلام': لماذا تُنظّم مليونية الجمعة 8 يوليو؟ والد أحد الشهداء يوضح.,Abdo36/Arabert-Sentiment-Analysis-ArSAS,not_applicable,Neutral,neutral,0.822049617767334,Neutral,neutral,0.795512855052948
SENT_015883,negative,ArSarcasm,egypt,False,#افضل_طقم_لروجر_فيدررأستراليا 2012مجررررررررم  https://t.co/wcUyd5u2kN,أفضل طقم لروجر فيدرر في أستراليا 2012، يا له من إجرام! ❤️,Abdo36/Arabert-Sentiment-Analysis-ArSAS,not_applicable,Neutral,neutral,0.7946381568908691,Negative,negative,0.9227262735366821
SENT_003924,neutral,ASTD,unknown,unknown,"بخصوص التحرش #تحرش #حقيقة #بنات يقولون لو تسترت البقره ماتعرضلها الثور ""̮",يتداولون في موضوع التحرش كلام مفاده أن البقرة لو تسترت، الثور ما كان تعرضلها.,Abdo36/Arabert-Sentiment-Analysis-ArSAS,not_applicable,Negative,negative,0.8531051874160767,Negative,negative,0.796719491481781
SENT_018866,negative,ArSarcasm,msa,False,اظن ان من افسد شيئا فعليه اصلاحه يجب اعلان الجماعه الاسلاميه والاخوان منظمات ارهابية واصلاح ما افسدو…,أرى بوضوح أن من يتسبب في إفساد أمر ما، فعليه مسؤولية إصلاحه. وعليه، يجب تصنيف الجماعة الإسلامية والإخوان كمنظمات إرهابية، تمهيداً لإصلاح ما ألحقوه من ضرر.,Abdo36/Arabert-Sentiment-Analysis-ArSAS,not_applicable,Negative,negative,0.7949851155281067,Negative,negative,0.5688098669052124
SENT_010331,negative,ArSarcasm,egypt,True,مصر دولة بس مش أوي #المادة_الأولى,مصر دولة على الورق، لكن في الحقيقة هي مش كده.,Abdo36/Arabert-Sentiment-Analysis-ArSAS,not_applicable,Negative,negative,0.653592050075531,Negative,negative,0.6411308646202087
SENT_018865,neutral,ArSarcasm,msa,False,#بروباجندا | #الجيش_السوري يعتزم تحرير #حلب قبل تنصيب «#ترامب»رسمياالتفاصيل على الرابط التالي https://t.co/zQndoda30U,ينوي الجيش السوري تحرير حلب قبل التنصيب الرسمي لترامب.,Abdo36/Arabert-Sentiment-Analysis-ArSAS,not_applicable,Neutral,neutral,0.9658600091934204,Neutral,neutral,0.6651307940483093
SENT_012322,positive,ArSarcasm,egypt,False,للمرة الأولى ميريام فارس تنشر فيديو لطفلها جايدن وتنهال عليها التعليقات...وشاهد زوجها الوسيم وصور زفافها... https://t.co/A110FgzmeU,لأول مرة، ميريام فارس تكشف عن فيديو لطفلها جايدن وتنهال عليها التعليقات بكثافة. وشاهد أيضاً زوجها الوسيم وصور زفافها.,Abdo36/Arabert-Sentiment-Analysis-ArSAS,not_applicable,Positive,positive,0.5158762335777283,Positive,positive,0.6159114241600037
SENT_010681,positive,ArSarcasm,msa,False,RT @RM_News4: فيديو | تصدي رائع من كارفخال على خط المرمى. يتليه تألق الحارس كاسيا في تدريبات ريال مدريد اليوم . https://t.co/GR3YpQ8g5Y,في تدريبات ريال مدريد اليوم، برز كارفخال بتصديه المذهل على خط المرمى، وقد تبع ذلك تألق لافت من الحارس كاسيا.,Abdo36/Arabert-Sentiment-Analysis-ArSAS,not_applicable,Neutral,neutral,0.7534945011138916,Positive,positive,0.6239228844642639
SENT_010202,positive,ArSarcasm,msa,False,يوم 7/7، يوم هام في مشروع (العلم قوة) وهدفه جذب وتسكين 100 ألف أمي داخل الفصول، في يوم واحد، عن طريق 10 ألاف,"يُشكل السابع من يوليو يومًا بالغ الأهمية لمشروع ""العلم قوة""، والذي يهدف إلى استقطاب وإلحاق 100 ألف شخص أمي بالفصول الدراسية، في يوم واحد فقط، عبر 10 آلاف.",Abdo36/Arabert-Sentiment-Analysis-ArSAS,not_applicable,Positive,positive,0.7848424315452576,Neutral,neutral,0.6585202217102051
SENT_015033,positive,ArSarcasm,msa,False,عجييييييب 😻😻😻😻#MannequinChallenge https://t.co/DSSXytSw99,خرافي!,Abdo36/Arabert-Sentiment-Analysis-ArSAS,not_applicable,Positive,positive,0.8363763689994812,Negative,negative,0.5455516576766968
SENT_007150,negative,ASTD,unknown,unknown,# تقريبا دي اكتر حاجة قريتها جسدت المذبحة اللي حصلت لاقرب ما يمكن #مذبحة_بورسعيد,على ما أظن، مفيش حاجة قريتها نقلت حقيقة المذبحة اللي حصلت زي النص ده بالظبط.,Abdo36/Arabert-Sentiment-Analysis-ArSAS,not_applicable,Negative,negative,0.7765759825706482,Negative,negative,0.8222975730895996
SENT_003266,neutral,ASTD,unknown,unknown,90 قتيلا من قوات #الأسد بانفجار مبنى غرفة الصناعة في منطقة حلب القديمة ، ما أدى إلى انهياره بالكامل ، وإصابة مبنى شعبة حزب البعث #سوريا,لقي 90 عنصراً من قوات الأسد مصرعهم جراء انفجار وقع في مبنى غرفة الصناعة بمنطقة حلب القديمة، ما أدى إلى انهياره التام وإلحاق أضرار بمبنى شعبة حزب البعث.,Abdo36/Arabert-Sentiment-Analysis-ArSAS,not_applicable,Neutral,neutral,0.7018609642982483,Neutral,neutral,0.6975815296173096
SENT_005504,negative,ASTD,unknown,unknown,"مقتل سعيد فضة أكبر مورد بلطجية فى #شبرا_الخيمة وعميل أمن الدولة """,تأكيد مقتل سعيد فضة، المعروف بكونه أكبر مورد للبلطجية في شبرا الخيمة، وعميل جهاز أمن الدولة.,Abdo36/Arabert-Sentiment-Analysis-ArSAS,not_applicable,Negative,negative,0.8365272879600525,Negative,negative,0.705630362033844
SENT_009220,negative,ASTD,unknown,unknown,اللہم أجعل قلوبنا رقيقہ من خشيٺگ ، جميلہ بذگرڳ ، نقيہ بحبگ ! #مصطفى_حسني,اللهم اجعل أفئدتنا لينة من خشيتك، عامرة بذكرك، طاهرة بحبك.,Abdo36/Arabert-Sentiment-Analysis-ArSAS,not_applicable,Positive,positive,0.841198742389679,Positive,positive,0.8008926510810852
SENT_016210,neutral,ArSarcasm,egypt,False,@AlameerMeroo94 داعش جانت بنص العراق 😉 والحليم من الإشارة يفهم,داعش جانت موجودة بقلب العراق، والحليم من الإشارة يفهم.,Abdo36/Arabert-Sentiment-Analysis-ArSAS,not_applicable,Negative,negative,0.7203596830368042,Negative,negative,0.8717938661575317
SENT_007505,positive,ASTD,unknown,unknown,تهنئة لكل طالب وطالبة قضوا ما يزيد عن 150 يوماً معتصمين وواجهوا كل انواع التنكيل #جامعة_النيل,نبارك لكل طالب وطالبة من جامعة النيل الذين خاضوا اعتصاماً تجاوز 150 يوماً، وصمدوا في وجه كل أشكال التنكيل.,Abdo36/Arabert-Sentiment-Analysis-ArSAS,not_applicable,Positive,positive,0.7653909921646118,Positive,positive,0.7653853297233582
SENT_006189,neutral,ASTD,unknown,unknown,دقائق معدودة بأجر غير محسوب سبحان الله وبحمده سبحان الله العظيم,ثواب لا يُعد ولا يُحصى في بضع دقائق فقط، سبحان الله وبحمده سبحان الله العظيم.,Abdo36/Arabert-Sentiment-Analysis-ArSAS,not_applicable,Positive,positive,0.8217393159866333,Positive,positive,0.8012756109237671
SENT_019987,positive,ArSarcasm,msa,False,اللہم أجعل قلوبنا رقيقہ من خشيٺگ ، جميلہ بذگرڳ ، نقيہ بحبگ ! #مصطفى_حسني,يا رب، اجعل قلوبنا لينة بخشيتك، عامرة بذكرك، وصافية بحبك.,Abdo36/Arabert-Sentiment-Analysis-ArSAS,not_applicable,Positive,positive,0.841198742389679,Positive,positive,0.7684455513954163
SENT_011191,neutral,ArSarcasm,msa,False,دبي تستضيف «برولايت آند ساوند» 31 الجاري——————————-دبي:«الخليج»أعلنت «ميسي فرانكفورت الشرق الأوسط»، عن إطلاق... https://t.co/z0RgVc6iB1,أعلنت «ميسي فرانكفورت الشرق الأوسط» عن استضافة دبي لفعالية «برولايت آند ساوند» بتاريخ 31 الجاري.,Abdo36/Arabert-Sentiment-Analysis-ArSAS,not_applicable,Neutral,neutral,0.9342131614685059,Neutral,neutral,0.8439309597015381
SENT_003563,neutral,ASTD,unknown,unknown,قطر #فودافون,فودافون في قطر,Abdo36/Arabert-Sentiment-Analysis-ArSAS,not_applicable,Neutral,neutral,0.48178035020828247,Neutral,neutral,0.6686236262321472
SENT_011617,neutral,ArSarcasm,msa,False,"RT @vabdola: وائل الفخراني: لماذا تركت ""جوجل"" لأنضم إلى ""كريم""؟ | مقال مُترجمhttps://t.co/AAAW0CYEmv","وائل الفخراني يتحدث عن سبب تركه لـ ""جوجل"" وانتقاله إلى ""كريم"" | مقال مُترجم",Abdo36/Arabert-Sentiment-Analysis-ArSAS,not_applicable,Neutral,neutral,0.8841264843940735,Neutral,neutral,0.9253666400909424
SENT_000258,neutral,ASTD,unknown,unknown,افتكرت تعليق علاء الحامولي ع اللي حصل لعادل الأمور في ماتش المنيا زمااااان بس لسه شغال,افتكرت تعليق علاء الحامولي على اللي حصل لعادل الأمور في ماتش المنيا من زمن بعيد أوي، بس لسه كلامه ماشي لحد دلوقتي.,Abdo36/Arabert-Sentiment-Analysis-ArSAS,not_applicable,Positive,positive,0.48437491059303284,Negative,negative,0.6268020272254944
SENT_012766,neutral,ArSarcasm,levant,False,@Celebrities_Mag سوري بس وين نوال الزغبي و نجوى كرم كأفضل فنانين؟؟؟؟هني لازم يكونو قبل الكل؟؟,عفواً، بس وين نوال الزغبي ونجوى كرم من قائمة أفضل الفنانين؟ هني المفروض يكونوا بالصدارة وقبل أي حدا!,Abdo36/Arabert-Sentiment-Analysis-ArSAS,not_applicable,Negative,negative,0.4407898485660553,Positive,positive,0.4114161431789398
SENT_002582,positive,ASTD,unknown,unknown,من الأمور الهامة لتنمية #الحب بين الزوجين التفاعل مع أزمات شريك #الحياة فلذلك أثر كبير في بناء المودة بين الزوجين وجعلهما أكثر قربًا ومحبة,إن التفاعل الإيجابي مع الصعوبات التي يواجهها شريك الحياة أمر أساسي لتعزيز مشاعر #الحب بين الزوجين. فهذا يساهم بشكل كبير في توطيد المودة بينهما وزيادة ترابطهما ومحبتهما لبعضهما البعض.,Abdo36/Arabert-Sentiment-Analysis-ArSAS,not_applicable,Positive,positive,0.7882623076438904,Positive,positive,0.7045069336891174
SENT_001078,positive,ASTD,unknown,unknown,أحمد الله العلى القدير على ما شاء وقدر، واشكره سبحانه شكراً جزيلاً على تقديره نجاتى,أحمده سبحانه على ما قضى وقدر، وأشكره شكراً عظيماً على تفضله بنجاتي.,Abdo36/Arabert-Sentiment-Analysis-ArSAS,not_applicable,Positive,positive,0.9050170183181763,Positive,positive,0.9166991710662842
SENT_014925,positive,ArSarcasm,msa,False,القهوة ليست مجرد مشروب ... القهوة أسلوب حياة .إبدأ يومك بقهوة دالماير#Coffeelover #coffeebreak #New_year_eve… https://t.co/Kjs4d432Lz,القهوة ليست مجرد سائل يُشرب، بل هي فلسفة حياة. اجعل قهوة دالماير انطلاقة يومك.,Abdo36/Arabert-Sentiment-Analysis-ArSAS,not_applicable,Positive,positive,0.6342464089393616,Positive,positive,0.8650618195533752
SENT_013559,positive,ArSarcasm,msa,False,صورة: كاسياس يحتفل بالانتصار في ديربي مدريد https://t.co/JasRYmGOkb #غزة #فلسطين,تُظهر هذه الصورة كاسياس وهو يحتفل بالانتصار في ديربي مدريد. #غزة #فلسطين,Abdo36/Arabert-Sentiment-Analysis-ArSAS,not_applicable,Neutral,neutral,0.5344139337539673,Positive,positive,0.6777551770210266
SENT_016729,negative,ArSarcasm,egypt,False,تعريص #برهامي ووساخة حزبه والدعوة السفهية بدأوا من يوم ما دعموا #أبو_الفتوح مش حاجة مستجدة !,فجور برهامي، وقذارة حزبه، وتوجهات الدعوة السلفية السفهية نفسها، كلها أمور بانت من يوم ما دعموا أبو الفتوح، ومش حاجة جديدة!,Abdo36/Arabert-Sentiment-Analysis-ArSAS,not_applicable,Negative,negative,0.9767121076583862,Negative,negative,0.9811397194862366
SENT_014927,positive,ArSarcasm,msa,False,شكراً لكم من #القلب 😘😍😘😍😘😍 #شاهدين لي #بالخير لا #علي#حب_النصر_يجمعنا #برشلونة #فلسطين 💛💙🇵🇸💙❤#ريان_الغامدي https://t.co/uel770lK6X,أشكركم جزيل الشكر من أعماق قلبي، يا من تشاركوني حب نادي النصر ودعم قضية فلسطين. أتمنى أن تكونوا دائمًا شاهدين لي بالخير لا ضدي.,Abdo36/Arabert-Sentiment-Analysis-ArSAS,not_applicable,Positive,positive,0.9500094056129456,Positive,positive,0.9603132605552673
SENT_015300,positive,ArSarcasm,msa,False,"انشرُوا التذكير بالتكبير و أحيُوا سُنّة هذه العشر "" الله أكبر الله أكبر لا إله إلا الله الله أكبر الله أكبر ولله الحمد ""…",تناقلوا تذكير التكبير، وأعيدوا إحياء سنة هذه الأيام المباركة، وذلك بقول: الله أكبر الله أكبر لا إله إلا الله الله أكبر الله أكبر ولله الحمد.,Abdo36/Arabert-Sentiment-Analysis-ArSAS,not_applicable,Positive,positive,0.7800692319869995,Positive,positive,0.6654545664787292
SENT_016852,neutral,ArSarcasm,msa,False,نصر محروس,الشخص نصر محروس,Abdo36/Arabert-Sentiment-Analysis-ArSAS,not_applicable,Neutral,neutral,0.611147403717041,Neutral,neutral,0.5120810270309448
SENT_010714,negative,ArSarcasm,msa,False,استشهاد جنود مصريين على الحدود بنيران صهيونية جريمة غير مقبولة دماء هؤلاء الشهداء تستدعى موقفا جادا حفاظا على كرامتنا وصيانة لحدودنا,استشهاد جنودنا المصريين على الحدود بنيران صهيونية عمل إجرامي مرفوض تماماً. دماء هؤلاء الشهداء تستلزم منا وقفة جادة لحماية كرامتنا وصون حدودنا.,Abdo36/Arabert-Sentiment-Analysis-ArSAS,not_applicable,Negative,negative,0.7128307223320007,Negative,negative,0.5425897240638733
SENT_016637,positive,ArSarcasm,egypt,False,احنا اسكندرانية ونعجبوك,إحنا إسكندرانية، يعني ناس تعجبك.,Abdo36/Arabert-Sentiment-Analysis-ArSAS,not_applicable,Positive,positive,0.8028771877288818,Negative,negative,0.432020902633667
SENT_016803,positive,ArSarcasm,gulf,False,فخورة بكِ يا صديقتي، ومعك دائما، حتى وأنتِ تغردين خارج السرب 💕#معرض_الكويت_الدولي_للكتاب#كتاب https://t.co/PeKs0f45tp,فخورة بكِ يا صديقتي، وإلى جانبكِ دوماً، حتى لو كنتِ تسيرين عكس التيار.,Abdo36/Arabert-Sentiment-Analysis-ArSAS,not_applicable,Positive,positive,0.971939206123352,Positive,positive,0.906021237373352
SENT_009406,positive,ASTD,unknown,unknown,أمي ولك في هذا اليوم دعوه ؛ حفظك الله من كل سوء ياجنتي حفظ الله أمي وأمهاتكم وجميع أمهات المسلمين #عيد_الأم …,يا أمي، في هذا اليوم، أرفع دعائي لكِ: أن يحفظك الله من كل مكروه، فأنتِ جنتي. اللهم احفظ أمي وأمهاتكم وكل أمهات المسلمين.,Abdo36/Arabert-Sentiment-Analysis-ArSAS,not_applicable,Positive,positive,0.9495940208435059,Positive,positive,0.9256231784820557
SENT_003210,neutral,ASTD,unknown,unknown,"ندوة توقيع رواية ""نادي السيارات "" بأتيليه الأسكندرية السبت 20 أبريل السابعة مساءً >> التفاصيل >> الأدمن","إقامة ندوة لتوقيع رواية ""نادي السيارات"" بأتيليه الإسكندرية، وذلك يوم السبت الموافق 20 أبريل، في تمام الساعة السابعة مساءً. للاستفسار عن التفاصيل، يرجى مراجعة الأدمن.",Abdo36/Arabert-Sentiment-Analysis-ArSAS,not_applicable,Neutral,neutral,0.9589782953262329,Neutral,neutral,0.9297687411308289
SENT_018140,negative,ArSarcasm,msa,True,"القرآن الكريم مُعَّلق في بيوتنا ولكن لم نشعر أننا هجرناه كما شعرنا أن #الواتساب_معلق ! آخر حالة ظهور للمصحف عند البعض""ر…","القرآن الكريم معلق في بيوتنا، لكننا لم نشعر بمدى هجراننا له كما شعرنا بالضيق عندما أصبح #الواتساب_معلقًا! آخر حالة ظهور للمصحف عند البعض ""ر...""",Abdo36/Arabert-Sentiment-Analysis-ArSAS,not_applicable,Mixed,mixed,0.4322716295719147,Negative,negative,0.5367928147315979
SENT_018330,negative,ArSarcasm,msa,False,@Lebanonontime ليس النقض حقا و لكنه الارهاب ! #لافروف اليس سخيفا ملاحقة الارهاب وهو يقيم في #مجلس_الأمن #بدنا_نحاسب #هوا_الحريه #طلعت_ريحتكم,حق النقض هيدا مش حق أبداً، هيدا إرهاب صريح! مش سخافة إنو نلاحق الإرهاب وهو قاعد بقلب مجلس الأمن؟ خلص، بدنا نحاسب، وريحتكم طلعت على حقيقتها!,Abdo36/Arabert-Sentiment-Analysis-ArSAS,not_applicable,Negative,negative,0.966005265712738,Negative,negative,0.9752910733222961
SENT_014294,positive,ArSarcasm,msa,False,الى كل مشجعي المايسترو روجير فيدرر في شتى بقاع الأرض الي ما صوته إلى الآن رجاءً يصوت له على الرابط في التغريدة السابقة و شكراً ❤️,يا جماهير المايسترو روجير فيدرر في كل مكان، اللي لسه ما صوتوا له، فضلاً صوتوا له من خلال الرابط الموجود في التغريدة اللي فاتت. شكراً لكم ❤️,Abdo36/Arabert-Sentiment-Analysis-ArSAS,not_applicable,Positive,positive,0.9520664811134338,Positive,positive,0.9563012719154358
SENT_010187,positive,ArSarcasm,msa,False,#أحمد_حلمى يشكر #مهرجان_القاهرة_السينمائى على تكريمه:سأفتخر به طيلة حياتىCBC الراعى الإعلامي الرسمي لمهرجان القاهر… https://t.co/8jI59ED6Tf,أحمد حلمي يوجه شكره لمهرجان القاهرة السينمائي على تكريمه، مؤكداً أن هذا التكريم سيظل مدعاة فخر له طيلة حياته.,Abdo36/Arabert-Sentiment-Analysis-ArSAS,not_applicable,Positive,positive,0.8149312138557434,Positive,positive,0.940390944480896
SENT_016365,negative,ArSarcasm,msa,True,#اعرفوهم #انقلاب_مصر #يسقط_حكم_العسكر #الداخلية_بلطجية #الحرية لنور الدين محمود 15سنة #الدقهلية طالب بالثانوي الأزهري,لازم تعرفوا مين دول! اللي بيحصل في مصر ده انقلاب، ولازم يسقط حكم العسكر. الداخلية بلطجية. بنطالب بالحرية لنور الدين محمود، طالب الثانوي الأزهري اللي عنده ١٥ سنة من الدقهلية.,Abdo36/Arabert-Sentiment-Analysis-ArSAS,not_applicable,Negative,negative,0.8676533699035645,Negative,negative,0.9261353611946106
SENT_002095,neutral,ASTD,unknown,unknown,الجو هنا ناااااااار فى الصعيد ياريت رتويت قبل الانصهار #جمعية_الاقل_من1000_فولورز,الحرارة هنا في الصعيد جهنم، يا ريت تعملوا رتويت قبل ما أسيح من السخونة. #جمعية_الاقل_من1000_متابع,Abdo36/Arabert-Sentiment-Analysis-ArSAS,not_applicable,Negative,negative,0.7343465685844421,Negative,negative,0.9445489048957825
SENT_007623,neutral,ASTD,unknown,unknown,شبكه اخبار #المحله | متابعات | صورة اخرى من معرض السيارات الذى قام مجهولون باشعال النيران فى السيارات المتواجده,شبكة أخبار المحلة | متابعة | دي صورة تانية من معرض العربيات اللي مجهولين ولعوا نار في العربيات اللي كانت موجودة فيه.,Abdo36/Arabert-Sentiment-Analysis-ArSAS,not_applicable,Neutral,neutral,0.6187796592712402,Negative,negative,0.7952835559844971
SENT_014809,negative,ArSarcasm,msa,False,في نفس المكان، عقدة الراموسة، الذي منه أجبرت آﻻف العائﻻت الحلبية على مغادرة منازلها في أحياء حلب الشرقية باتجاه... https://t.co/pfIr04jsi0,عقدة الراموسة، هي النقطة ذاتها التي شهدت إجبار آلاف الأسر الحلبية على ترك منازلها في الأحياء الشرقية لحلب، متوجهين نحو...,Abdo36/Arabert-Sentiment-Analysis-ArSAS,not_applicable,Neutral,neutral,0.5886234641075134,Neutral,neutral,0.6307746171951294
SENT_001501,neutral,ASTD,unknown,unknown,عائلة إماراتية في سوق واقف ومشاعر أخويه غير مستغربه #سحب_السفراء_من_قطر,منظر عائلة إماراتية بسوق واقف والمشاعر الأخوية الصادقة بينهم، شيء متعودين عليه وما هو غريب أبدًا.,Abdo36/Arabert-Sentiment-Analysis-ArSAS,not_applicable,Positive,positive,0.8957756161689758,Positive,positive,0.9255430698394775
SENT_017217,negative,ArSarcasm,egypt,True,عايزه اعمل مجتمع ربعاوى بعيد عن الفلول و اللى عايزهم #فلول # شعب بلا اخلاق #ستحاسبووون,أنا عايزة أعمل مجتمع على أسس رابعة، بعيد عن الفلول واللي بيسندوهم. دول شعب بلا أخلاق، وهتتحاسبوا حساب عسير!,Abdo36/Arabert-Sentiment-Analysis-ArSAS,not_applicable,Negative,negative,0.8957021236419678,Negative,negative,0.8752462863922119
SENT_002281,neutral,ASTD,unknown,unknown,"#اعترافات_الطفولة كنت اصوت حق بشار الشطي من فون ابوي كل ما يطلع نومينيه 😂😂""",أيام الطفولة، كنت أحرص إني أصوت حق بشار الشطي من فون أبوي كل ما يصير نومينيه.,Abdo36/Arabert-Sentiment-Analysis-ArSAS,not_applicable,Negative,negative,0.5920701026916504,Negative,negative,0.5186671614646912
SENT_020069,negative,ArSarcasm,gulf,False,RT @tjshghg: ضربةحرة ضائعة للبرشا والآمال لازالت معلقة بالفوزجوالhttps://t.co/g05NYwvEqUيوتيوبhttps://t.co/g05NYwvEqU#برشلونة_الافيس#…,أضاع البرشا ضربة حرة، لكن الآمال بالفوز لم تنقطع بعد.,Abdo36/Arabert-Sentiment-Analysis-ArSAS,not_applicable,Neutral,neutral,0.9104231595993042,Positive,positive,0.6030985116958618
SENT_014869,positive,ArSarcasm,msa,False,الله يبركلك يا دكتور ابو الفتوح #,ربنا يبارك فيك يا دكتور ابو الفتوح,Abdo36/Arabert-Sentiment-Analysis-ArSAS,not_applicable,Negative,negative,0.6609399318695068,Positive,positive,0.9439674019813538
SENT_013906,neutral,ArSarcasm,msa,False,تنمية بشرية - 3 دقائق للتأجيل والمماطلة #ماذا_لو_المدارس_مختلطهxatoildb.thshttps://t.co/WH2pPoi0UX,محتوى في مجال التنمية البشرية، مدته 3 دقائق، يتناول التأجيل والمماطلة. #ماذا_لو_المدارس_مختلطه https://t.co/WH2pPoi0UX,Abdo36/Arabert-Sentiment-Analysis-ArSAS,not_applicable,Neutral,neutral,0.801624596118927,Neutral,neutral,0.8465958833694458
SENT_010242,negative,ArSarcasm,msa,False,RT @TustarNet: إيران تلوث بيئة الأحواز ، وإصابة ٢٧ الف بالسرطان خلال شهرين -... https://t.co/zZAxt7ILbF,تواصل إيران تلويث بيئة الأحواز، مما أدى إلى تسجيل 27 ألف حالة سرطان خلال شهرين.,Abdo36/Arabert-Sentiment-Analysis-ArSAS,not_applicable,Neutral,neutral,0.5649868845939636,Negative,negative,0.7367430329322815
SENT_003380,positive,ASTD,unknown,unknown,مااحلى شعارك ومدافعك ياقنرررزز #ارسنال,ما أروع شعارك ومدافعيك يا مدفعجية!,Abdo36/Arabert-Sentiment-Analysis-ArSAS,not_applicable,Positive,positive,0.9599100947380066,Negative,negative,0.7319963574409485
SENT_007199,positive,ASTD,unknown,unknown,اللهم ارزقنا نعيم الجنه آمين,اللهم وهب لنا نعيم الجنة آمين,Abdo36/Arabert-Sentiment-Analysis-ArSAS,not_applicable,Positive,positive,0.9273624420166016,Positive,positive,0.937031626701355
SENT_012234,positive,ArSarcasm,egypt,False,الحمد لله حققنا مستهدف حملة ال21 يوم لمحو الأمية شكرا لشباب صناع الحياة و لكل شركاء الحملة يا رب أعنا على,الحمد لله، أنجزنا مستهدف حملة الـ21 يوم لمحو الأمية. كل الشكر لشباب صناع الحياة ولكل شركاء الحملة. يا رب أعنا على إكمال المشوار.,Abdo36/Arabert-Sentiment-Analysis-ArSAS,not_applicable,Positive,positive,0.9790098667144775,Positive,positive,0.9746300578117371
SENT_014494,negative,ArSarcasm,msa,True,مقنبعه بين اردوغان و طفل ايران العبادي ههههههههههههههههههههههههههههههههه,محشورة بين أردوغان وطفل إيران العبادي ههههههههههههههههههههههههههههههههه,Abdo36/Arabert-Sentiment-Analysis-ArSAS,not_applicable,Negative,negative,0.8940812349319458,Negative,negative,0.8763390779495239
SENT_003853,neutral,ASTD,unknown,unknown,عاطف الجوهرى - #إفتكروهم #المجد_للشهداء,تذكروا شهداءنا. المجد لهم.,Abdo36/Arabert-Sentiment-Analysis-ArSAS,not_applicable,Negative,negative,0.6865851283073425,Positive,positive,0.7986545562744141
SENT_015681,positive,ArSarcasm,msa,False,"تكريم ""رامي عياش"" بجامعة الـ LAU في لبنان#ET_بالعربي https://t.co/9Gj3aDFwSL",رامي عياش يُكرّم في جامعة LAU اللبنانية.,Abdo36/Arabert-Sentiment-Analysis-ArSAS,not_applicable,Neutral,neutral,0.5438997149467468,Neutral,neutral,0.7151151299476624
SENT_012716,positive,ArSarcasm,msa,False,"#السعاده ان يكون من نحب بخير وعافيه فنحن نشعر بهم ونهتم لامرهم حتى لو لم نراهم 3""",السعادة هي أن يكون أحباؤنا بخير وصحة جيدة. فنحن نشعر بهم ونهتم لأمرهم دائمًا، حتى لو لم نلتقِ بهم.,Abdo36/Arabert-Sentiment-Analysis-ArSAS,not_applicable,Positive,positive,0.8452348113059998,Positive,positive,0.7771802544593811
SENT_001287,positive,ASTD,unknown,unknown,كورسيرا أكبر موقع عالمي يحتوى على مناهج جامعات عالمية هي الأفضل في تصنيف 2013! نتعاون معهم لتعريب المناهج، شاركونا! …,كورسيرا، المنصة العالمية الأضخم التي تضم مناهج من أفضل الجامعات العالمية (حسب تصنيف 2013)! نعمل حالياً بالتعاون معهم لتعريب هذه المناهج. ننتظر مشاركتكم!,Abdo36/Arabert-Sentiment-Analysis-ArSAS,not_applicable,Neutral,neutral,0.5179732441902161,Positive,positive,0.8180854916572571
SENT_005445,negative,ASTD,unknown,unknown,"ودا قمة السفه في الصحافة !! ""الفن بعد ثورة 23 يوليو وبعد ثورة 25 يناير #مصر #الثورة ""","ودا منتهى السخافة في التناول الصحفي، إنهم يركزوا على الفن في مصر من منظور ""ما بعد ثورة 23 يوليو"" و""ما بعد ثورة 25 يناير"".",Abdo36/Arabert-Sentiment-Analysis-ArSAS,not_applicable,Negative,negative,0.9739128947257996,Negative,negative,0.9739107489585876
SENT_005875,positive,ASTD,unknown,unknown,#كلمة_شكر ل عآدل عبدالله ع البلنتي و الطرد اللي حصله ، اصلاً الطرد احلى 😳😳,حابين نشكر عادل عبدالله على البلنتي اللي أخذه، وعلى الطرد اللي حصله كمان. أصلاً، الطرد كان أحلى!,Abdo36/Arabert-Sentiment-Analysis-ArSAS,not_applicable,Positive,positive,0.7743532061576843,Positive,positive,0.6562866568565369
SENT_008084,negative,ASTD,unknown,unknown,دعبد المنعم ابو الفتوح يتحدث عن ذكرياته لواقعة المشادة الكلامية بينه وبين الرئيس السادات,الدكتور عبد المنعم أبو الفتوح يستذكر تفاصيل المشادة الكلامية التي جمعته بالرئيس السادات.,Abdo36/Arabert-Sentiment-Analysis-ArSAS,not_applicable,Neutral,neutral,0.9090114831924438,Neutral,neutral,0.8541274070739746
SENT_007550,neutral,ASTD,unknown,unknown,محامي ومستشار قانوني ٠٥٣٧٨٥٥٥٢٧ #المحامي #محامي #قاضي #حكم #درر #الوتر #مستشار #رقم #ريتويت #محاماة #مشاكل #قضايا #اسرية #محامي #مكتب ؟,للتواصل مع محامٍ ومستشار قانوني، يرجى الاتصال على الرقم ٠٥٣٧٨٥٥٥٢٧. نحن نقدم الاستشارات والخدمات القانونية في مختلف القضايا، بما فيها القضايا الأسرية.,Abdo36/Arabert-Sentiment-Analysis-ArSAS,not_applicable,Neutral,neutral,0.8994754552841187,Neutral,neutral,0.7531577944755554
SENT_014554,positive,ArSarcasm,msa,False,#عبد_الفتاح_السيسي @AlsisiOfficial يهني باختيار #جوتيريس سكرتير عام ل #الأمم_المتحدةhttps://t.co/Ff3WNWVwYq… https://t.co/2gns4eH3YS,عبد الفتاح السيسي يهنئ جوتيريس على اختياره أمينًا عامًا للأمم المتحدة.,Abdo36/Arabert-Sentiment-Analysis-ArSAS,not_applicable,Neutral,neutral,0.5684251189231873,Neutral,neutral,0.4979002773761749
SENT_014800,negative,ArSarcasm,msa,True,الارجنتين بدون ميسي مضحكه 😂😂,الأرجنتين بلا ميسي مسخرة.,Abdo36/Arabert-Sentiment-Analysis-ArSAS,not_applicable,Positive,positive,0.6033421754837036,Negative,negative,0.8268733620643616
SENT_016567,neutral,ArSarcasm,msa,False,#المواطن | صور مراحل حمل النجمة #ميريام_فارس,لقطاتٌ تبرز مراحل حمل النجمة ميريام فارس.,Abdo36/Arabert-Sentiment-Analysis-ArSAS,not_applicable,Neutral,neutral,0.8904369473457336,Neutral,neutral,0.7768694758415222
SENT_000529,positive,ASTD,unknown,unknown,السنين الحلوه بتعدى قوام و آنتآ آسمك فى آلتآريخ بالنور مكتوب #أبو_تريكة,الأيام الحلوة بتعدي بسرعة، واسمك يا أبو تريكة منور صفحات التاريخ.,Abdo36/Arabert-Sentiment-Analysis-ArSAS,not_applicable,Positive,positive,0.9644321799278259,Positive,positive,0.9642839431762695
SENT_011836,neutral,ArSarcasm,msa,False,الناشطون السوريون في العالم مشغولون بزواج ريكي مارتن بشاب سوري هل هو حلال أم حرام #حلب,النشطاء السوريون حول العالم ينشغلون بمسألة زواج ريكي مارتن من شاب سوري، ويتساءلون إن كان حلالاً أم حراماً.,Abdo36/Arabert-Sentiment-Analysis-ArSAS,not_applicable,Negative,negative,0.8306666016578674,Neutral,neutral,0.735155463218689
SENT_019311,neutral,ArSarcasm,gulf,False,@malak_alhusaini احس محد يشوف تغريداتي 😭😭😭 ملاك بايز فوزيني ب ايفون,@malak_alhusaini أحس إن تغريداتي صايرة مختفية عن الكل 😭😭😭 ملاك تكفين فوزيني بأيفون,Abdo36/Arabert-Sentiment-Analysis-ArSAS,not_applicable,Negative,negative,0.44918057322502136,Negative,negative,0.4690673351287842
SENT_009750,negative,ArSarcasm,gulf,False,@mohmad3033 والله مهو كلهم يبو سلطان..الاعلام الغربي يبي يصور لنا ان الشيعة خطر ويبي يصور للشيعة أنفسهم ان السنة خطر عليهم,والله، مو كل الشيعة يبغون سلطان. الإعلام الغربي يحاول يقدّم لنا صورة إن الشيعة يشكلون خطر، وبنفس الوقت يحاول يقدّم للشيعة أنفسهم صورة إن السنة خطر عليهم.,Abdo36/Arabert-Sentiment-Analysis-ArSAS,not_applicable,Negative,negative,0.9248067736625671,Negative,negative,0.875349760055542
SENT_010623,negative,ArSarcasm,msa,False,زوجة #ابراهيم_حسن ل #٩٠_دقيقة سائق شركة #اوبر تعدي على ابني بمطواه طالبا منه الموبايل فرفض مما ادي الي جروح قطعيه في جسده,سواق أوبر اعتدى على ابني بمطواه، وكان بيطلب منه الموبايل، ولما ابني رفض يديهوله، اتعرض لجروح قطعية في جسمه.,Abdo36/Arabert-Sentiment-Analysis-ArSAS,not_applicable,Negative,negative,0.46958035230636597,Negative,negative,0.8507396578788757
SENT_015278,neutral,ArSarcasm,msa,False,تقدم بريطانيا مساعدات منقذة للأرواح لملايين المتضررين من الصراع في #سورية. #الوقوف_مع_حلب https://t.co/SxNY3ELrNN,تُقدم بريطانيا معونات تُنقذ الأرواح لملايين المتضررين من النزاع في #سورية. #الوقوف_مع_حلب,Abdo36/Arabert-Sentiment-Analysis-ArSAS,not_applicable,Positive,positive,0.48862558603286743,Positive,positive,0.641891598701477
SENT_013379,negative,ArSarcasm,msa,False,"""#استهداف_النازحين_بحلب"".. جريمة حرب على مرأى ومسمع الجميع، متى يتحرك ضمير #العالم تجاه مأساة #السوريين ؟!!#أنقذوا_حلب#سوريا",استهداف النازحين في حلب جريمة حرب سافرة تُرتكب أمام أعين العالم أجمع. إلى متى سيبقى ضمير العالم صامتاً تجاه مأساة السوريين؟ يجب التحرك فوراً لإنقاذ حلب وسوريا.,Abdo36/Arabert-Sentiment-Analysis-ArSAS,not_applicable,Negative,negative,0.9237219095230103,Negative,negative,0.9192841053009033
SENT_015148,positive,ArSarcasm,msa,False,@AssalaOfficial تتر فلم فاست فاريوس 8 اغنية جزائرية بصوت جستن بيبر بعد النسخة سابقة دي جي سنايك قاصف جبهة… https://t.co/ytVZDNe1Fx,تتر فيلم فاست آند فيوريوس 8، أغنية جزائرية بصوت جاستن بيبر، بعد النسخة السابقة لدي جي سنايك. قصف جبهة حقيقي!,Abdo36/Arabert-Sentiment-Analysis-ArSAS,not_applicable,Neutral,neutral,0.9242295622825623,Neutral,neutral,0.7262724041938782
SENT_017389,negative,ArSarcasm,msa,False,100 يوم من فشل الانقلاب 200 دولة ترفضه 400 فندق اغلق 800 مصنع افلس 8000 شهيد 20000 معتقل 30000 مصاب 50000 مسجد,بعد مرور 100 يوم على فشل الانقلاب، تتضح آثاره الوخيمة التي شملت رفض 200 دولة له، وإغلاق 400 فندق، وإفلاس 800 مصنع. كما أسفر عن 8000 شهيد، و20000 معتقل، و30000 مصاب، فضلاً عن 50000 مسجد.,Abdo36/Arabert-Sentiment-Analysis-ArSAS,not_applicable,Negative,negative,0.9662429094314575,Negative,negative,0.9313278794288635
SENT_019348,neutral,ArSarcasm,msa,False,#ماذا_لو_المدارس_مختلطه أمنيات المنحرفين لن تتحقق ابداً ✋🏻,ما يتطلع إليه أصحاب الأفكار المنحرفة لن يرى النور إطلاقاً.,Abdo36/Arabert-Sentiment-Analysis-ArSAS,not_applicable,Negative,negative,0.9184884428977966,Negative,negative,0.8624160289764404
SENT_016003,positive,ArSarcasm,egypt,False,RT @LibanCulture: وفعلها سعد رمضان وتحوّل إلى عريسٍ في ضيعته برجا@Saad_Ramadan https://t.co/N2SGUsAJTC https://t.co/kFsDij28fx,ها قد فعلها سعد رمضان! أصبح الآن عريساً في ضيعته برجا.,Abdo36/Arabert-Sentiment-Analysis-ArSAS,not_applicable,Neutral,neutral,0.6458012461662292,Negative,negative,0.8946969509124756
SENT_014186,positive,ArSarcasm,msa,False,"فيديو/ الأتراك يتوافدون على معبر ""باب الهوى"" لإستقبال السوريين النازحين وتوزيع المساعدات عليهم https://t.co/iloCdcMTmi",الأتراك يتوجهون بأعداد كبيرة إلى معبر باب الهوى لاستقبال النازحين السوريين وتقديم المساعدات لهم.,Abdo36/Arabert-Sentiment-Analysis-ArSAS,not_applicable,Neutral,neutral,0.8940605521202087,Neutral,neutral,0.5654715895652771
SENT_010647,negative,ArSarcasm,egypt,True,@_iRalbert ايه اقتباس من جستن بيبر الشاذ اةةة,أيه؟ اقتباس من جستن بيبر الشاذ؟ أوف!,Abdo36/Arabert-Sentiment-Analysis-ArSAS,not_applicable,Negative,negative,0.8207510113716125,Negative,negative,0.8462381958961487
SENT_010074,negative,ArSarcasm,egypt,False,"المجد لشهداء ""#محمد_محمود"" الذين سالت دماؤهم لتروي شجرة النضال …","العزّة لشهداء ""#محمد_محمود"" الذين ضحّوا بدمائهم لتُزهر شجرة النضال.",Abdo36/Arabert-Sentiment-Analysis-ArSAS,not_applicable,Positive,positive,0.9547494053840637,Positive,positive,0.961802065372467
SENT_016991,positive,ArSarcasm,msa,False,RT @FCBW_A7: إيمري كولاك (ديبورتيفو) : أردا توران مثل أخي و هو قدوة بالنسبة لي ، ميسي الأفضل و انا مُعجب به كثيراً,إيمري كولاك (ديبورتيفو) صرح بأن أردا توران هو مثل أخيه وهو قدوته، وأنه يرى ميسي الأفضل ومعجب به جداً.,Abdo36/Arabert-Sentiment-Analysis-ArSAS,not_applicable,Positive,positive,0.8291826844215393,Positive,positive,0.7402980327606201
SENT_015045,neutral,ArSarcasm,msa,False,ديميكليس هذا مفترض لا يلعب ، صديق ميسي .موساتشيو ليس مدافع يسار ومايدانا وغاراي افضل،لا اعرف لماذا ميسي مستبعد غاراي.,ديميكليس المفروض ما يلعبش، ده صاحب ميسي. موساتشيو مش ظهير أيسر، ومايدانا وغاراي أحسن بكتير. مش فاهم ليش ميسي مستبعد غاراي.,Abdo36/Arabert-Sentiment-Analysis-ArSAS,not_applicable,Negative,negative,0.4147059917449951,Negative,negative,0.6109511852264404
SENT_014641,positive,ArSarcasm,msa,False,تتعانق الاخوات#حلب#بورما#غروزني#سربرنيتشا#غزةمع اختهم الكبرى #القدس في خدمة المصالح العليا للامة العربية والاسلامية,تتوحد حلب، بورما، غروزني، سربرنيتشا، وغزة، كأخوات، مع القدس أختهن الكبرى، في سبيل تحقيق المصالح العليا للأمة العربية والإسلامية.,Abdo36/Arabert-Sentiment-Analysis-ArSAS,not_applicable,Positive,positive,0.9493809938430786,Positive,positive,0.8802638053894043
SENT_013092,positive,ArSarcasm,msa,False,تطبيق إسلامي رائع حمله أكثر من 10 مليون مسلم !للتحميل #آندرويد:https://t.co/oyWmCx3nROللتحميل #آيفون:https://t.co/DlB0mNn8mp,اكتشفوا تطبيقاً إسلامياً مميزاً تجاوز عدد مستخدميه 10 ملايين مسلم! لتحميله على #أندرويد: https://t.co/oyWmCx3nRO وللآيفون: https://t.co/DlB0mNn8mp,Abdo36/Arabert-Sentiment-Analysis-ArSAS,not_applicable,Neutral,neutral,0.6827417016029358,Neutral,neutral,0.4971274435520172
SENT_012147,negative,ArSarcasm,gulf,False,ڤالنتينو كيوت وناعم. الباقيين ما أخسر فيهم ريال قديم 😳تحديداً غوتشي ! ماهذا يا بيونسيه ؟ https://t.co/szjADT1gmR,ڤالنتينو كيوت وناعم. أما الباقيين، تحديداً غوتشي، فما يستاهلون أخسر فيهم ريال قديم 😳 وش هالشيء يا بيونسيه؟,Abdo36/Arabert-Sentiment-Analysis-ArSAS,not_applicable,Negative,negative,0.5074915885925293,Negative,negative,0.7354140877723694
SENT_019804,negative,ArSarcasm,egypt,True,الانقلابي جورج اسحق يشكو من تعسف الانقلاب انت لسه شفت حاجة بكره تبكى بدل الدموع دم وتقول ولا يوم من ايامك يا مرسي,جورج اسحق، اللي أيد الانقلاب، بيشتكي دلوقتي من ظلم الانقلاب. لسه ماشفتش حاجة، بكره تبكي بدل الدموع دم، وتقول يا ريت يرجع يوم من أيامك يا مرسي.,Abdo36/Arabert-Sentiment-Analysis-ArSAS,not_applicable,Negative,negative,0.9658353924751282,Negative,negative,0.9551966786384583
SENT_000564,neutral,ASTD,unknown,unknown,#وسط_البلد رحلة إلى الجحيم ~,روحة وسط البلد جحيم.,Abdo36/Arabert-Sentiment-Analysis-ArSAS,not_applicable,Negative,negative,0.945357084274292,Negative,negative,0.968041718006134
SENT_013762,negative,ArSarcasm,msa,False,وسائل الإعلام الصينية توجه تحذيرًا صارمًا لترامب #ترامب #الصين https://t.co/RJVNMkiSCj https://t.co/ria7mmh55V,وجه الإعلام الصيني تحذيرًا شديد اللهجة إلى ترامب.,Abdo36/Arabert-Sentiment-Analysis-ArSAS,not_applicable,Neutral,neutral,0.965003252029419,Negative,negative,0.47752103209495544
SENT_017472,neutral,ArSarcasm,msa,False,خطاب بوب ديلان إلى الأكاديمية السويدية بعد فوزه بنوبل | ترجمة أمير زكي | المنصة https://t.co/6BccohwlW4,نص خطاب بوب ديلان الموجه إلى الأكاديمية السويدية عقب فوزه بجائزة نوبل، بترجمة أمير زكي، متاح على المنصة.,Abdo36/Arabert-Sentiment-Analysis-ArSAS,not_applicable,Neutral,neutral,0.9299741983413696,Neutral,neutral,0.9086734652519226
SENT_005439,neutral,ASTD,unknown,unknown,مرشحي الرئاسة يقترحون جدولا زمنيا تبدأ في انتخابات البرلمان في 28 نوفمبر 2011 على 3 مراحل ثم تليها انتخابات,يقترح مرشحو الرئاسة جدولا زمنيا يتضمن بدء انتخابات البرلمان في 28 نوفمبر 2011 على ثلاث مراحل، على أن تتبعها انتخابات.,Abdo36/Arabert-Sentiment-Analysis-ArSAS,not_applicable,Neutral,neutral,0.9329598546028137,Neutral,neutral,0.8583061695098877
SENT_018176,negative,ArSarcasm,msa,False,بلجيكا تندد بمصادقة إسرائيل على بناء 98 وحدة بالضفة الغربية https://t.co/dZe9NuP5p5,بلجيكا تستنكر موافقة إسرائيل على إقامة 98 وحدة بالضفة الغربية.,Abdo36/Arabert-Sentiment-Analysis-ArSAS,not_applicable,Neutral,neutral,0.7795440554618835,Neutral,neutral,0.5708529949188232
SENT_013117,positive,ArSarcasm,msa,False,شكراً :),ألف شكر :),Abdo36/Arabert-Sentiment-Analysis-ArSAS,not_applicable,Neutral,neutral,0.6122371554374695,Positive,positive,0.8927372097969055
SENT_018361,positive,ArSarcasm,msa,False,RT @mohamedghorab32: على طريقة الزمالك .. برشلونة 2x2 يستعد لغزو العالم https://t.co/On0zFi19YW,برشلونة اتعادل 2-2. على طريقة الزمالك، خلاص هيغزوا العالم!,Abdo36/Arabert-Sentiment-Analysis-ArSAS,not_applicable,Neutral,neutral,0.8294682502746582,Negative,negative,0.6589629650115967
SENT_011419,neutral,ArSarcasm,msa,False,RT @bshaeir3: - دخل ضد تايلاند وتسبب ببلنتي الانتصار .- دخل ضد العراق وانقذ هدف محقق 100٪ .- دخل ضد الامارات و فك المباراة بصاروخية . ي…,كل ما نزل، قلب الموازين. ضد تايلاند، جاب بلنتي الفوز. ضد العراق، أنقذ هدف كان محقق مية بالمية. وضد الإمارات، فك المباراة بتسديدة صاروخية حاسمة.,Abdo36/Arabert-Sentiment-Analysis-ArSAS,not_applicable,Neutral,neutral,0.7963144183158875,Positive,positive,0.6593004465103149
SENT_008990,neutral,ASTD,unknown,unknown,يتم توليد الطاقة الحديثة من 3 مصادر اساسية #المياة و #الرمال و #الهواء لذلك #أوقفوا_الفحم,تُنتج الطاقة الحديثة بالاعتماد على ثلاثة مصادر أساسية: الماء، الرمل، والهواء. لذلك، أوقفوا الفحم.,Abdo36/Arabert-Sentiment-Analysis-ArSAS,not_applicable,Negative,negative,0.4507479667663574,Negative,negative,0.6695638298988342
SENT_008672,positive,ASTD,unknown,unknown,_: #معرض_الكتاب كتاب : المشوق إلى القراءة وطلب العلم لـ الشيخ _,#معرض_الكتاب يتوفر كتاب المشوق إلى القراءة وطلب العلم لـ الشيخ _,Abdo36/Arabert-Sentiment-Analysis-ArSAS,not_applicable,Neutral,neutral,0.8303621411323547,Neutral,neutral,0.5432881712913513
SENT_007107,positive,ASTD,unknown,unknown,أثق في رؤيةأحمد سعيد وأعلم التزامه بمبادئه وأنا معجب بتصريحه أن الحزب يستطيع أن يكون حزب الأغلبيةوأتمنى فوزه في الانتخابات لتحقيق تلك الرؤية,أنا أثق كل الثقة في رؤية أحمد سعيد، ومدرك تماماً لالتزامه الراسخ بمبادئه. كما أنني شديد الإعجاب بتصريحه الجريء بأن الحزب قادر على أن يصبح حزب الأغلبية. ولذلك، أتمنى له كل التوفيق والفوز في الانتخابات ليتمكن من تحقيق هذه الرؤية الطموحة.,Abdo36/Arabert-Sentiment-Analysis-ArSAS,not_applicable,Positive,positive,0.9646900296211243,Positive,positive,0.9475284814834595
SENT_018106,positive,ArSarcasm,msa,False,@Celebrities_Mag مـلـكـة الأرقـام #إلـيـسـا,المتربعة على عرش الأرقام... إليسا.,Abdo36/Arabert-Sentiment-Analysis-ArSAS,not_applicable,Neutral,neutral,0.5021967887878418,Positive,positive,0.7084063291549683
SENT_012761,negative,ArSarcasm,egypt,False,يادين امي ع الحظ يعني أحمد الشيخ مش هيجي يوم الاحد مع المقاصة 😐😠,يا خراب حظي! يعني أحمد الشيخ مش هيلعب يوم الأحد مع المقاصة؟,Abdo36/Arabert-Sentiment-Analysis-ArSAS,not_applicable,Positive,positive,0.5976261496543884,Negative,negative,0.8258435130119324
SENT_007362,neutral,ASTD,unknown,unknown,#ارسنال #انتقالات,انتقالات أرسنال,Abdo36/Arabert-Sentiment-Analysis-ArSAS,not_applicable,Neutral,neutral,0.8341894149780273,Neutral,neutral,0.8938561677932739
SENT_015991,positive,ArSarcasm,gulf,False,@MoathDev @Fishisfast_AR معاذ .. اخوي تعامل مع مناوله ويمدحه ياخذون 20 ريال على الطلبيه ويتعاملون مع امازون فقط .. يمكن ينفع لك,يا معاذ، أخي جرب مناوله ويمدح تعاملهم. ياخذون 20 ريال على الطلبية، وما يتعاملون إلا مع أمازون. يمكن يفيدونك.,Abdo36/Arabert-Sentiment-Analysis-ArSAS,not_applicable,Negative,negative,0.4004356861114502,Negative,negative,0.4749179184436798
SENT_012903,neutral,ArSarcasm,msa,False,لا ترتبط بفتاة لا تجيد الطبخ فالحب لن يطبخ لك الغدانزار برياني(:😂#معرض_الكويت_الدولي_للكتاب,نصيحة: لا ترتبط ببنت ما تعرف تطبخ، لأن الحب بروحه ما راح يسويلك غداك، ولا حتى برياني نزار! 😂,Abdo36/Arabert-Sentiment-Analysis-ArSAS,not_applicable,Negative,negative,0.5364696979522705,Negative,negative,0.6097738146781921
SENT_018445,neutral,ArSarcasm,msa,False,4 متصفحات مميزة لهواتف أندرويد - https://t.co/dLSAi4o8Nk https://t.co/291y4zB4VA,إليكم 4 متصفحات أندرويد استثنائية.,Abdo36/Arabert-Sentiment-Analysis-ArSAS,not_applicable,Neutral,neutral,0.921074628829956,Neutral,neutral,0.6771905422210693
SENT_012838,positive,ArSarcasm,egypt,False,#في_حاجة_صح ان الجيش المصرى قوى ومتماسك,مفيش كلام إن الجيش المصري قوي ومتماسك.,Abdo36/Arabert-Sentiment-Analysis-ArSAS,not_applicable,Positive,positive,0.9690666198730469,Positive,positive,0.39984235167503357
SENT_016199,negative,ArSarcasm,gulf,True,@oceanazul80 او ارقام ص😂😂😂😂😂بابا رندفو او انه امثل علينا قدام الكاميرات انه ها شفوني 😂😂😂😂😂والله يا اوباما مخلغين اسنان هي اسوالف 😂😂😂😂😂,"هل هي أرقام وبس صح؟ يا أخي، هذا رندفو ولا تمثيل علينا قدام الكاميرات عشان يقول ""ها شوفوني""؟ والله يا أوباما، هالسوالف صارت مخلّعة أسنانها.",Abdo36/Arabert-Sentiment-Analysis-ArSAS,not_applicable,Negative,negative,0.9084829092025757,Negative,negative,0.9358165264129639
SENT_019480,negative,ArSarcasm,levant,True,RT @saraalwd3any: @Mohamed__Othaim مررررهكنهم مسرحية خزلبه تافهه!اتوقع ان الانتخابات شكليةاوباما بيخلص رئاسته مافلح بشي!,بالحيل كأنها تمثيلية سخيفة ومضللة! أحس إن الانتخابات مجرد واجهة، وأوباما قرب يخلص رئاسته وما نجح بأي شي.,Abdo36/Arabert-Sentiment-Analysis-ArSAS,not_applicable,Negative,negative,0.9650362133979797,Negative,negative,0.9680188298225403
SENT_007750,neutral,ASTD,unknown,unknown,ما الذي حدث في الإتحادية؟ سرد كامل بالفيديو و الأدلة,ما الذي جرى في الإتحادية؟ تفاصيل وافية مطلوبة، مرفقة بالفيديو والأدلة.,Abdo36/Arabert-Sentiment-Analysis-ArSAS,not_applicable,Neutral,neutral,0.8257737159729004,Neutral,neutral,0.6852614879608154
SENT_009526,negative,ASTD,unknown,unknown,ال ع الشمال ده زييت #باسم_عودة الإرهابي أما ال ع اليمين ده زيت الإستقراااااااااااااااااااارررررررر #هز_ديلك …,اللي على الشمال ده هو الإرهابي باسم عودة، أما اللي على اليمين ده فهو الاستقرار الحقيقي. هزوا ديلكم!,Abdo36/Arabert-Sentiment-Analysis-ArSAS,not_applicable,Negative,negative,0.9577239155769348,Negative,negative,0.8941977024078369
SENT_007339,neutral,ASTD,unknown,unknown,2009936 129 جميع أرقام #الأهلى #مصر في #دوري_أبطال_أفريقيا من البداية وحتى 2059,جميع أرقام وإحصائيات النادي الأهلي المصري في دوري أبطال أفريقيا، من بداية مشاركاته وحتى عام 2059.,Abdo36/Arabert-Sentiment-Analysis-ArSAS,not_applicable,Neutral,neutral,0.9225943684577942,Neutral,neutral,0.9369442462921143
SENT_010108,positive,ArSarcasm,egypt,False,"@NawalElZoghbi - ﺑﻴﻦ گُل "" ﻧِﻔﺲ ﻓﻴّﻨﻲ "" صُوتگگ"" #نوآل_آلزغبي #آغلى_آلحبآيب 💙💗💗😍❤ https://t.co/5eMN7CEmTx",بكل نفس فيني، صوتك مرافقني.,Abdo36/Arabert-Sentiment-Analysis-ArSAS,not_applicable,Negative,negative,0.6546964645385742,Positive,positive,0.6020468473434448
SENT_016928,neutral,ArSarcasm,egypt,False,احمد الشيخ :- ياجدعان بوصولي جمبكو اهو انا اللي جبت الجون https://t.co/bj4G0qtRQ1,يا جدعان، بصوا لي، أنا جنبكم أهو، أنا اللي جبت الجون.,Abdo36/Arabert-Sentiment-Analysis-ArSAS,not_applicable,Positive,positive,0.3631132245063782,Negative,negative,0.7436338663101196
SENT_014130,negative,ArSarcasm,msa,True,هل #الاخوان هم من سرقوا البلد وباعوا مؤسساتها وشركاتها وثرواتها للصهاينة؟هل عقدوا صلحا مع دولة الكيان الصهيوني؟هل خنقوا…,هل الإخوان هم من نهبوا ثروات البلاد وباعوا مؤسساتها وشركاتها للصهاينة؟ وهل هم من أقاموا صلحاً مع الكيان الصهيوني؟ وهل هم من خنقوا...,Abdo36/Arabert-Sentiment-Analysis-ArSAS,not_applicable,Negative,negative,0.9774946570396423,Negative,negative,0.9646026492118835
SENT_007196,neutral,ASTD,unknown,unknown,شاهدوا في الحلقة 23 من برنامج: عُمر صانع حضارة، كيف كان التراحم الاجتماعي بينه وبين الناس سبباً في إقامة دولة,تابعوا الحلقة الثالثة والعشرين من برنامج 'عُمر صانع حضارة' لتكتشفوا الدور المحوري الذي لعبه التراحم الاجتماعي بينه وبين رعيته في تأسيس الدولة.,Abdo36/Arabert-Sentiment-Analysis-ArSAS,not_applicable,Positive,positive,0.49197572469711304,Neutral,neutral,0.6500171422958374
SENT_010070,negative,ArSarcasm,egypt,True,@Mohamed85146101 مبروك عليك ويندوز 10 .. ربنا يخلهوللللللك,ألف مبروك على ويندوز 10 يا بطل، وربنا يباركلك فيه ويجعله وش السعد عليك.,Abdo36/Arabert-Sentiment-Analysis-ArSAS,not_applicable,Positive,positive,0.9672763347625732,Positive,positive,0.9652482867240906
SENT_003062,negative,ASTD,unknown,unknown,مخاوف المسلمين من الاخوان لا تقل عن مخاوف الأقباط ولولا تواطؤ الاخوان مع العسكري لما وصلنا الى هذه الورطة الطائفية قضت عليها الثورة نهائيا,خوف المسلمين من الإخوان مبيقلش عن خوف الأقباط منهم، ولو ما كانش فيه تواطؤ من الإخوان مع العسكري، ما كناش دخلنا في الأزمة الطائفية دي اللي الثورة قضت عليها تماماً.,Abdo36/Arabert-Sentiment-Analysis-ArSAS,not_applicable,Negative,negative,0.9293808937072754,Negative,negative,0.8942234516143799
SENT_009669,negative,ASTD,unknown,unknown,ثلاثين يونيو موجة ثورية ضد الفاشل مرسي والجماعة الكذابة ما أرفضه هو القمع والعقاب الجماعي كفاية كذب وخداع للنفس,ثلاثين يونيو كانت انتفاضة ثورية ضد مرسي الفاشل والجماعة الكذابة. لكن اللي أرفضه هو القمع والعقاب الجماعي. كفاية بقى كذب وخداع للنفس.,Abdo36/Arabert-Sentiment-Analysis-ArSAS,not_applicable,Negative,negative,0.9690476059913635,Negative,negative,0.8773334622383118
SENT_008538,positive,ASTD,unknown,unknown,"#ليه بنخاف من الموت و هو الحاجه الحقيقيه في الدنيا !""",ليه الخوف بيتملكنا من الموت، مع إنه الحقيقة الوحيدة اللي موجودة في دنيتنا؟,Abdo36/Arabert-Sentiment-Analysis-ArSAS,not_applicable,Negative,negative,0.6407222747802734,Negative,negative,0.7622323632240295
SENT_013875,negative,ArSarcasm,msa,True,ما اسخف مطاردة الارهاب و هو في مجلس الأمن ! #لافروف,إيه السخافة دي إننا نطارد الإرهاب وهو قاعد في مجلس الأمن!,Abdo36/Arabert-Sentiment-Analysis-ArSAS,not_applicable,Negative,negative,0.9728292226791382,Negative,negative,0.9725750088691711
SENT_005338,negative,ASTD,unknown,unknown,تعرضت لكل هذا من معسكر أخر بعد قانون العزل وواجهته وفندت زيفه أرى نفسي في كتلة ثالثة ليست مع عودة النظام القديم ولا مع هيمنة فصيل واحد,بعد قانون العزل، اتعرضت لحاجات كتير من طرف تاني، لكني واجهتهم وفندت زيف ادعاءاتهم. أنا شايف نفسي في تيار تالت، لا مع عودة النظام القديم ولا مع سيطرة فصيل واحد.,Abdo36/Arabert-Sentiment-Analysis-ArSAS,not_applicable,Negative,negative,0.6118796467781067,Negative,negative,0.7384904026985168
SENT_006936,positive,ASTD,unknown,unknown,#إبراهيم_محلب هايدخل التاريخ وهايحل مشكلة سد النهضة وإبقو إفتكرو إن مدرستى#دى_لاسال قدمت هدية لمصر من أحد خريجيها الناجحين,إبراهيم محلب هيسجل اسمه في التاريخ لأنه هيحل مشكلة سد النهضة. وخليكم فاكرين إن مدرستي دي لاسال قدمت لمصر هدية قيمة، وهو واحد من خريجيها الناجحين.,Abdo36/Arabert-Sentiment-Analysis-ArSAS,not_applicable,Negative,negative,0.6375420689582825,Positive,positive,0.8730198740959167
SENT_008509,negative,ASTD,unknown,unknown,هو ممكن ت #نزل_صلاح :( #ليلة_الابطال,هو ممكن صلاح ينزل يلعب؟ :( دي ليلة الأبطال.,Abdo36/Arabert-Sentiment-Analysis-ArSAS,not_applicable,Positive,positive,0.6203356385231018,Positive,positive,0.5075911283493042
SENT_005180,neutral,ASTD,unknown,unknown,ضد الظلم مع باسم #ثورة_25_يناير #باسم_رئيسا_لمصر #انتخبوا_العرص,أنا ضد الظلم ومع باسم، يا ريت باسم يبقى رئيس مصر، مش العرص اللي بيطلبوا مننا ننتخبه ده.,Abdo36/Arabert-Sentiment-Analysis-ArSAS,not_applicable,Negative,negative,0.9241616725921631,Negative,negative,0.6235644221305847
SENT_013849,neutral,ArSarcasm,msa,False,ريجيني جديد؟ https://t.co/HaGWS4Br8M,هل هذا ريجيني آخر؟,Abdo36/Arabert-Sentiment-Analysis-ArSAS,not_applicable,Neutral,neutral,0.6829701066017151,Negative,negative,0.5531302690505981
SENT_002999,positive,ASTD,unknown,unknown,"المعنى الحقيقي للوطنية المعنى الحقيقي للضحكة الصافية #باسم""",باسم يجسّد المعنى الحقيقي للوطنية والضحكة الصافية.,Abdo36/Arabert-Sentiment-Analysis-ArSAS,not_applicable,Positive,positive,0.9060376882553101,Positive,positive,0.933664858341217
SENT_019792,negative,ArSarcasm,egypt,False,12 مليون مصرى لم يدفعوا فاتورة الكهرباء الانقلاب ساقط اصبروا وثابروا واحشدوا واهتفوا سلميتنا سلاحنا,12 مليون مصري ما دفعوش فاتورة الكهرباء. الانقلاب ساقط حتمًا. اصبروا وثابروا واحشدوا واهتفوا، سلميتنا هي سلاحنا.,Abdo36/Arabert-Sentiment-Analysis-ArSAS,not_applicable,Negative,negative,0.8766528964042664,Negative,negative,0.7907102704048157
SENT_003927,neutral,ASTD,unknown,unknown,#ﻓﻮﻟﻮﺭﺯ_ﺍﺳﻼﻣﻮﻓﻴﺘﺶ_ﺑﻴﻌﻤﻠﻮﺍ_ﻟﺒﻌﺾ_ﻓﻮﻟﻮ #ﻓﻮﻟﻮﺭﺯ_ﻋﻔﺮﻛﻮﺵ_ﺑﻴﻌﻤﻠﻮ_ﻓﻮﻟﻮ_ﻟﺒﻌﺾ #ﺍﻟﻤﺪﺭﻳﺪﺳﺘﺎ_ﺑﻴﻌﻤﻠﻮﺍ_ﻓﻮﻟﻮ_لبعض,فولورز إسلاموفيتش بيعملوا فولو لبعض، وفولورز عفركوش برضه بيعملوا لبعض فولو، والمدريديستا كمان بيعملوا فولو لبعض.,Abdo36/Arabert-Sentiment-Analysis-ArSAS,not_applicable,Neutral,neutral,0.5883328914642334,Negative,negative,0.6632677316665649
SENT_017859,neutral,ArSarcasm,msa,False,ياسين السويحة، عن عودة الحدود وسياساتها إلى مركز النقاش السياسي في الغرب https://t.co/vcwVwvpuAC#أوروبا #الولايات_المتحدة #دونالد_ترامب,يناقش ياسين السويحة بروز ملف الحدود وسياساتها مجدداً في صلب الحوار السياسي الغربي.,Abdo36/Arabert-Sentiment-Analysis-ArSAS,not_applicable,Neutral,neutral,0.9179757833480835,Neutral,neutral,0.8704431653022766
SENT_010906,positive,ArSarcasm,levant,False,انا عندي حنين ما بعرف لمين ..ليلي بيخطفني من بين السهرانين💔#فيروز,أنا جواتي حنين ما بعرف لمين. وبالليل هالاحساس بيسحبني من وسط السهرانين.,Abdo36/Arabert-Sentiment-Analysis-ArSAS,not_applicable,Negative,negative,0.4199705123901367,Negative,negative,0.6596734523773193
SENT_012542,neutral,ArSarcasm,msa,False,شاهد .. مواجهات عنيفة بين #الجيش_السوري والجماعات المسلحة في #الشيخ_سعيد جنوب #حلبhttps://t.co/RaKvhtYXhy https://t.co/C7tLJa8f6u,تشهد منطقة الشيخ سعيد جنوب حلب مواجهات ضارية بين الجيش السوري والفصائل المسلحة.,Abdo36/Arabert-Sentiment-Analysis-ArSAS,not_applicable,Neutral,neutral,0.9372747540473938,Neutral,neutral,0.5423963069915771
SENT_008147,positive,ASTD,unknown,unknown,بسمة أمل - هدية لعودة الحب لحياتنا,ابتسامة أمل، هي الهدية التي تعيد الحب إلى حياتنا.,Abdo36/Arabert-Sentiment-Analysis-ArSAS,not_applicable,Positive,positive,0.9518078565597534,Positive,positive,0.8782365322113037
SENT_007663,negative,ASTD,unknown,unknown,ممكن رئيس لسه جايب 51? من الأصوات في الإعادة ضد فل عليه بلاغات ممكن فجأة يلاقي 90? من نفس الشعب مؤيدين لديكتاتوريته؟,يعني معقول رئيس يا دوب جاب 51% من الأصوات في الإعادة قدام واحد عليه بلاغات، فجأة يلاقي 90% من نفس الشعب مؤيدين لديكتاتوريته؟,Abdo36/Arabert-Sentiment-Analysis-ArSAS,not_applicable,Negative,negative,0.9714252948760986,Negative,negative,0.9599317312240601
SENT_004510,neutral,ASTD,unknown,unknown,تفاقم أزمة #أوكرانيا يهدد واردات #القمح إلى الدول العربية,تصاعد الأزمة في أوكرانيا يمثل تهديداً لوصول القمح إلى الدول العربية.,Abdo36/Arabert-Sentiment-Analysis-ArSAS,not_applicable,Neutral,neutral,0.6589030623435974,Neutral,neutral,0.4675830900669098
SENT_017937,neutral,ArSarcasm,msa,False,#اليمن .تعز...الانقلابين والعفشين .جرائم بتعز على المدنبن بلاسلحة الثفيلة اكثرمن مكن واكذكل القناصة لافرق بين... https://t.co/5P1zUGAvUr,في تعز باليمن، يرتكب الانقلابيون والعفاشيون جرائم مروعة بحق المدنيين. يستخدمون الأسلحة الثقيلة والقناصة بشكل يفوق التصور، مستهدفين الجميع دون تمييز.,Abdo36/Arabert-Sentiment-Analysis-ArSAS,not_applicable,Negative,negative,0.9554265737533569,Negative,negative,0.7834441661834717
SENT_011205,negative,ArSarcasm,msa,False,تجاهل مبارك للفقراء لم يكن نابعا عن إهمال فقط وإنما فلسفة تقوم على احتقار الفقراء لأنهم فشلوا فى الثراء,إهمال مبارك للفقراء لم يكن مجرد تقصير، بل كان مبنيًا على نظرة احتقار لهم، لاعتقاده أنهم لم ينجحوا في تحقيق الثراء.,Abdo36/Arabert-Sentiment-Analysis-ArSAS,not_applicable,Negative,negative,0.9704930186271667,Negative,negative,0.9511387348175049
SENT_012868,neutral,ArSarcasm,msa,False,«#الناتو» مطمئن حيال #ترمب وأوباما يودع أوروبا بالاتفاق على التعاون https://t.co/a7H4PIuHHG#عكاظ https://t.co/pE52ybpQCw,حلف الناتو يُبدي اطمئنانه حيال ترمب، بينما أوباما يودّع أوروبا بالتوصل لاتفاق تعاون.,Abdo36/Arabert-Sentiment-Analysis-ArSAS,not_applicable,Neutral,neutral,0.6750019788742065,Neutral,neutral,0.5207120180130005
SENT_002063,negative,ASTD,unknown,unknown,نرفض تقييد حق الاعتصام وإعطاء سلطات مطلقة للأمن في منع التظاهر والمبالغة في العقوبات وتوسيع حرم منع التظاهر لا للقانون بصيغته الراهنة,نرفض تقييد حق الاعتصام، ومنح الأمن صلاحيات مطلقة لمنع التظاهر، والمبالغة في فرض العقوبات، وتوسيع المساحات المحظورة للتظاهر. القانون بصيغته الراهنة مرفوض.,Abdo36/Arabert-Sentiment-Analysis-ArSAS,not_applicable,Negative,negative,0.9150174260139465,Negative,negative,0.8161267638206482
SENT_017429,negative,ArSarcasm,egypt,True,#أحلام و #عادل_امام و العوكش | قصف منتصف الجبهة | هتموت من #الضحكhttps://t.co/0slN8YHEK1,"أحلام وعادل إمام والعوكش في لقطة ""قصف جبهة"".. هتموت من الضحك!",Abdo36/Arabert-Sentiment-Analysis-ArSAS,not_applicable,Negative,negative,0.5628029108047485,Negative,negative,0.7389925718307495
SENT_014626,neutral,ArSarcasm,egypt,True,اكثر صورة ضحكتني اليووم #ترامب #السعودية #Trump #Santa #Christmas #WhiteChristmas https://t.co/u31F4XTUjz,الصورة اللي موتتني ضحك اليوم.,Abdo36/Arabert-Sentiment-Analysis-ArSAS,not_applicable,Positive,positive,0.8949524164199829,Negative,negative,0.776125967502594
SENT_002376,neutral,ASTD,unknown,unknown,د أبو الفتوح: أنا مشروعي يمثل كل الوطن لأن الرئيس القادم يجب أن يكون رئيسا لكل المصريين بمختلف مرجعياتهم وافكارهم,د أبو الفتوح: مشروعي بيمثل مصر كلها، وده لأن الرئيس اللي هييجي لازم يكون رئيس لكل المصريين على اختلاف مرجعياتهم وأفكارهم.,Abdo36/Arabert-Sentiment-Analysis-ArSAS,not_applicable,Positive,positive,0.8012080788612366,Positive,positive,0.4632343053817749
SENT_009634,positive,ASTD,unknown,unknown,بسمة أمل جديدة مع لذة العطاء,تتجدد بسمة الأمل مع متعة العطاء.,Abdo36/Arabert-Sentiment-Analysis-ArSAS,not_applicable,Positive,positive,0.9500525593757629,Positive,positive,0.9620158672332764
SENT_004273,negative,ASTD,unknown,unknown,شاهد - آخر كلام: لم يعد مجدياً أي حديث مع بشار,شاهد - كلمة أخيرة: الكلام مع بشار لم يعد يجدي نفعاً.,Abdo36/Arabert-Sentiment-Analysis-ArSAS,not_applicable,Negative,negative,0.5153948664665222,Negative,negative,0.886803150177002
SENT_004601,neutral,ASTD,unknown,unknown,مشاهد من مسرح حكم الفرد الجزء الأول مقال اليوم في الشروق,"نُشر اليوم في الشروق مقال بعنوان ""مشاهد من مسرح حكم الفرد الجزء الأول"".",Abdo36/Arabert-Sentiment-Analysis-ArSAS,not_applicable,Neutral,neutral,0.6078735589981079,Neutral,neutral,0.716844379901886
SENT_014661,positive,ArSarcasm,msa,False,#عيد_الأم #امي امي يا اجمل ما يبدأ بهِ يومي فَ سبحان من صنّع من دعواتكِ سعادةٌ لي لا تنتهي,أمي، أنتِ زينة بدايات أيامي. سبحان من جعل من دعواتكِ مصدر سعادةٍ لي لا تَنفد.,Abdo36/Arabert-Sentiment-Analysis-ArSAS,not_applicable,Positive,positive,0.964996874332428,Positive,positive,0.8856653571128845
SENT_012023,negative,ArSarcasm,egypt,False,باااااااااااااااااطل ياولاد التيت :/ من مسيرة #المطرية #أنا_حازم #مرسي_رئيسي #ياخاين_ياسيسي #حتماً_سنعود,باطلٌ هذا كله يا كلاب! من مسيرة المطرية نعلنها: نحن مع حازم ومرسي رئيسنا، والسيسي خائن. حتماً سنعود.,Abdo36/Arabert-Sentiment-Analysis-ArSAS,not_applicable,Negative,negative,0.7904961109161377,Negative,negative,0.9123080968856812
SENT_019174,neutral,ArSarcasm,msa,False,"RT @20fourMedia: #غوغل تُطلق حملة إعلانية ضخمة لهاتفها الجديد بيكسل""https://t.co/QtUma3Pzgh https://t.co/lMqtjEyOPw""",غوغل تشن حملة دعائية كبرى لهاتفها بيكسل الجديد.,Abdo36/Arabert-Sentiment-Analysis-ArSAS,not_applicable,Neutral,neutral,0.9210959672927856,Neutral,neutral,0.7896261811256409
